Отметка времени;Как часто Вы переходите на красный свет?;Если Вы переходите на красный, то с чем это связано чаще всего?;Переходите ли Вы на красный, если видите, что другие пешеходы перебегают?;Перешли бы Вы дорогу на красный свет, если бы на дороге не было машин?;Перешли бы Вы дорогу на красный свет, если бы на дороге машины стояли в пробке?;Перейдите ли Вы дорогу, если Вам горит красный, а машины продолжают движение с небольшой скоростью?;Переходите ли Вы на красный сигнал, если у пешеходного перехода плохое освещение?;Переходите ли Вы на красный сигнал на пешеходных переходах, оборудованных кнопкой вызова зеленого?;Как Вы считаете, пойдут ли другие люди на красный при отсутствии машин, если запрещающий сигнал горит слишком долго?;Чувствуете ли Вы себя безопасно, переходя на красный сигнал?;Какое время Вы считаете приемлемым для ожидания зеленого, чтобы не было потребности перехода на красный?;При наличии ожидания, указанного Вами в вопросе выше, будете ли Вы переходить на красный?
4.21.2024 19:32:03;Никогда;Не перехожу на красный;Не перехожу на красный;Дождусь зеленый;Дождусь зеленый;Дождусь зеленый;В любом случае перехожу только на зеленый;Не перехожу, нажимаю кнопку и дожидаюсь зеленого;Считаю, что пойдет несколько человек;Не чувствую себя безопасно и не перехожу;30 секунд;Не перехожу на красный
4.21.2024 19:36:13;Никогда;Не перехожу на красный;Не перехожу на красный;Дождусь зеленый;Дождусь зеленый;Дождусь зеленый;Нет;Не перехожу, нажимаю кнопку и дожидаюсь зеленого;Считаю, что многие пойдут;Не чувствую себя безопасно и не перехожу;60 секунд;Не перехожу на красный
4.21.2024 19:39:43;Никогда;Не перехожу на красный;Не перехожу на красный;Дождусь зеленый;Дождусь зеленый;Дождусь зеленый;В любом случае перехожу только на зеленый;Не перехожу, нажимаю кнопку и дожидаюсь зеленого;Считаю, что многие пойдут;Не чувствую себя безопасно и не перехожу;Столько, сколько требуется для безопасности;Не перехожу на красный
4.21.2024 19:41:36;Несколько раз в неделю;Тороплюсь на подъезжающий общественный транспорт;Не перехожу на красный;Перейду вне зависимости сколько осталось ждать зеленый;Дождусь зеленый;Дождусь зеленый;Да;Перехожу;Считаю, что многие пойдут;чувствую себя безопасно;Менее 20 секунд;Думаю, что не буду
4.21.2024 19:43:25;Несколько раз в год;Тороплюсь на работу/по делам;Не перехожу на красный;Перейду, если еще долго ждать зеленый;Дождусь зеленый;Дождусь зеленый;Нет;Не перехожу, нажимаю кнопку и дожидаюсь зеленого;Считаю, что многие пойдут;Не чувствую себя безопасно, но перехожу так как тороплюсь или по другим причинам;30 секунд;Думаю, что не буду
4.21.2024 19:46:46;Никогда;Не перехожу на красный;Не перехожу на красный;Дождусь зеленый;Дождусь зеленый;Дождусь зеленый;Нет;Не перехожу, нажимаю кнопку и дожидаюсь зеленого;Считаю, что многие пойдут;Не чувствую себя безопасно и не перехожу;Столько, сколько требуется для безопасности;Не перехожу на красный
4.21.2024 19:47:19;Несколько раз в год;Тороплюсь на подъезжающий общественный транспорт;Да, перехожу вместе с ними;Перейду вне зависимости сколько осталось ждать зеленый;Перейду, если еще долго ждать зеленый;Дождусь зеленый;Нет;Перехожу;Считаю, что многие пойдут;Не чувствую себя безопасно, но перехожу так как тороплюсь или по другим причинам;30 секунд;Думаю, что не буду
4.21.2024 19:56:04;Несколько раз в год;Тороплюсь на подъезжающий общественный транспорт;Не перехожу на красный;Дождусь зеленый;Дождусь зеленый;Дождусь зеленый;Нет;Не перехожу, нажимаю кнопку и дожидаюсь зеленого;Считаю, что пойдет несколько человек;Не чувствую себя безопасно и не перехожу;Столько, сколько требуется для безопасности;Не перехожу на красный
4.21.2024 19:57:04;Несколько раз в год;Красный свет горит слишком долго;Перехожу на красный, даже если другие не перебегают;Перейду, если еще долго ждать зеленый;Дождусь зеленый;Дождусь зеленый;Нет;Не перехожу, нажимаю кнопку и дожидаюсь зеленого;Считаю, что многие пойдут;Не чувствую себя безопасно, но перехожу так как тороплюсь или по другим причинам;30 секунд;Думаю, что продолжу переходить на красный при необходимости
4.21.2024 20:01:03;Никогда;Не перехожу на красный;Не перехожу на красный;Дождусь зеленый;Дождусь зеленый;Дождусь зеленый;В любом случае перехожу только на зеленый;Не перехожу, нажимаю кнопку и дожидаюсь зеленого;Считаю, что пойдет несколько человек;Не чувствую себя безопасно и не перехожу;60 секунд;Не перехожу на красный
4.21.2024 20:11:15;Никогда;Не перехожу никогда;Не перехожу на красный;Дождусь зеленый;Дождусь зеленый;Дождусь зеленый;В любом случае перехожу только на зеленый;Не перехожу, нажимаю кнопку и дожидаюсь зеленого;Считаю, что многие пойдут;Не чувствую себя безопасно и не перехожу;30 секунд;Не перехожу на красный
4.21.2024 20:13:59;Несколько раз в год;Тороплюсь на подъезжающий общественный транспорт;Да, перехожу вместе с ними;Перейду вне зависимости сколько осталось ждать зеленый;Перейду вне зависимости сколько осталось ждать зеленый;Дождусь зеленый;Нет;Не перехожу, нажимаю кнопку и дожидаюсь зеленого;Считаю, что многие пойдут;Не чувствую себя безопасно, но перехожу так как тороплюсь или по другим причинам;Столько, сколько требуется для безопасности;Думаю, что продолжу переходить на красный при необходимости
4.21.2024 20:15:03;Никогда;Не перехожу на красный;Не перехожу на красный;Дождусь зеленый;Дождусь зеленый;Дождусь зеленый;В любом случае перехожу только на зеленый;Не перехожу, нажимаю кнопку и дожидаюсь зеленого;Считаю, что многие пойдут;Не чувствую себя безопасно и не перехожу;30 секунд;Не перехожу на красный
4.21.2024 20:17:12;Несколько раз в месяц;Красный свет горит слишком долго;Перехожу на красный, даже если другие не перебегают;Перейду, если еще долго ждать зеленый;Дождусь зеленый;Дождусь зеленый;Нет;Перехожу;Считаю, что многие пойдут;чувствую себя безопасно;20 секунд;Думаю, что продолжу переходить на красный при необходимости
4.21.2024 20:21:12;Несколько раз в год;Красный свет горит слишком долго;Да, перехожу вместе с ними;Перейду, если еще долго ждать зеленый;Дождусь зеленый;Дождусь зеленый;В любом случае перехожу только на зеленый;Перехожу;Считаю, что многие пойдут;Не чувствую себя безопасно и не перехожу;60 секунд;Думаю, что продолжу переходить на красный при необходимости
4.21.2024 20:26:08;Никогда;Не перехожу на красный;Не перехожу на красный;Дождусь зеленый;Дождусь зеленый;Дождусь зеленый;В любом случае перехожу только на зеленый;Не перехожу, нажимаю кнопку и дожидаюсь зеленого;Считаю, что пойдет несколько человек;Не чувствую себя безопасно и не перехожу;Столько, сколько требуется для безопасности;Не перехожу на красный
4.21.2024 20:28:41;Несколько раз в год;Нет машин;Не перехожу на красный;Перейду, если еще долго ждать зеленый;Перейду, если еще долго ждать зеленый;Дождусь зеленый;Нет;Не перехожу, нажимаю кнопку и дожидаюсь зеленого;Считаю, что многие пойдут;Не чувствую себя безопасно, но перехожу так как тороплюсь или по другим причинам;30 секунд;Думаю, что не буду
4.21.2024 20:34:11;Никогда;Не перехожу на красный;Не перехожу на красный;Дождусь зеленый;Дождусь зеленый;Дождусь зеленый;В любом случае перехожу только на зеленый;Не перехожу, нажимаю кнопку и дожидаюсь зеленого;Считаю, что многие пойдут;Не чувствую себя безопасно и не перехожу;30 секунд;Не перехожу на красный
4.21.2024 20:43:00;Несколько раз в месяц;Тороплюсь на работу/по делам;Перехожу на красный, даже если другие не перебегают;Перейду, если еще долго ждать зеленый;Дождусь зеленый;Дождусь зеленый;Нет;Перехожу;Считаю, что многие пойдут;Не чувствую себя безопасно, но перехожу так как тороплюсь или по другим причинам;Менее 20 секунд;Думаю, что продолжу переходить на красный при необходимости
4.21.2024 20:43:08;Несколько раз в год;Нет машин;Не перехожу на красный;Перейду вне зависимости сколько осталось ждать зеленый;Дождусь зеленый;Дождусь зеленый;Нет;Перехожу;Считаю, что пойдет несколько человек;Не чувствую себя безопасно, но перехожу так как тороплюсь или по другим причинам;Столько, сколько требуется для безопасности;Думаю, что не буду
4.21.2024 21:04:14;Никогда;Не перехожу на красный;Не перехожу на красный;Дождусь зеленый;Дождусь зеленый;Дождусь зеленый;В любом случае перехожу только на зеленый;Не перехожу, нажимаю кнопку и дожидаюсь зеленого;Считаю, что многие пойдут;Не чувствую себя безопасно и не перехожу;Столько, сколько требуется для безопасности;Не перехожу на красный
4.21.2024 21:05:40;Никогда;Не перехожу на красный;Не перехожу на красный;Дождусь зеленый;Дождусь зеленый;Дождусь зеленый;В любом случае перехожу только на зеленый;Не перехожу, нажимаю кнопку и дожидаюсь зеленого;Считаю, что пойдет несколько человек;Не чувствую себя безопасно и не перехожу;60 секунд;Не перехожу на красный
4.21.2024 21:06:17;Никогда;Нет машин ;Не перехожу на красный;Перейду, если еще долго ждать зеленый;Дождусь зеленый;Дождусь зеленый;В любом случае перехожу только на зеленый;Не перехожу, нажимаю кнопку и дожидаюсь зеленого;Считаю, что многие пойдут;чувствую себя безопасно;Столько, сколько требуется для безопасности;Думаю, что продолжу переходить на красный при необходимости
4.21.2024 21:33:27;Несколько раз в неделю;Тороплюсь на работу/по делам;Перехожу на красный, даже если другие не перебегают;Перейду, если еще долго ждать зеленый;Перейду, если еще долго ждать зеленый;Дождусь зеленый;Да;Перехожу;Считаю, что многие пойдут;Не чувствую себя безопасно, но перехожу так как тороплюсь или по другим причинам;30 секунд;Думаю, что продолжу переходить на красный при необходимости
4.21.2024 21:37:47;Несколько раз в год;Тороплюсь на подъезжающий общественный транспорт;Не перехожу на красный;Дождусь зеленый;Дождусь зеленый;Дождусь зеленый;В любом случае перехожу только на зеленый;Не перехожу, нажимаю кнопку и дожидаюсь зеленого;Считаю, что многие пойдут;Не чувствую себя безопасно, но перехожу так как тороплюсь или по другим причинам;Столько, сколько требуется для безопасности;Не перехожу на красный
4.21.2024 21:38:22;Никогда;Не перехожу на красный;Не перехожу на красный;Дождусь зеленый;Дождусь зеленый;Дождусь зеленый;В любом случае перехожу только на зеленый;Не перехожу, нажимаю кнопку и дожидаюсь зеленого;Считаю, что пойдет несколько человек;Не чувствую себя безопасно и не перехожу;Столько, сколько требуется для безопасности;Не перехожу на красный
4.21.2024 21:39:59;Несколько раз в год;Тороплюсь на подъезжающий общественный транспорт;Не перехожу на красный;Перейду вне зависимости сколько осталось ждать зеленый;Дождусь зеленый;Дождусь зеленый;В любом случае перехожу только на зеленый;Не перехожу, нажимаю кнопку и дожидаюсь зеленого;Считаю, что пойдет несколько человек;Не чувствую себя безопасно и не перехожу;Столько, сколько требуется для безопасности;Не перехожу на красный
4.21.2024 21:41:01;Несколько раз в месяц;Дорога свободна до следующего светофора;Не перехожу на красный;Перейду, если еще долго ждать зеленый;Дождусь зеленый;Дождусь зеленый;Нет;Перехожу;Считаю, что пойдет несколько человек;чувствую себя безопасно;Столько, сколько требуется для безопасности;Думаю, что продолжу переходить на красный при необходимости
4.21.2024 21:42:18;Никогда;Не перехожу на красный;Не перехожу на красный;Дождусь зеленый;Дождусь зеленый;Дождусь зеленый;В любом случае перехожу только на зеленый;Не перехожу, нажимаю кнопку и дожидаюсь зеленого;Считаю, что многие пойдут;Не чувствую себя безопасно и не перехожу;40 секунд;Не перехожу на красный
4.21.2024 21:44:15;Несколько раз в месяц;Тороплюсь на подъезжающий общественный транспорт;Не перехожу на красный;Дождусь зеленый;Дождусь зеленый;Дождусь зеленый;Нет;Не перехожу, нажимаю кнопку и дожидаюсь зеленого;Считаю, что многие пойдут;Не чувствую себя безопасно, но перехожу так как тороплюсь или по другим причинам;30 секунд;Думаю, что не буду
4.21.2024 21:48:30;Никогда;Не перехожу на красный;Не перехожу на красный;Дождусь зеленый;Дождусь зеленый;Дождусь зеленый;Нет;Не перехожу, нажимаю кнопку и дожидаюсь зеленого;Считаю, что пойдет несколько человек;Не чувствую себя безопасно и не перехожу;50 секунд;Не перехожу на красный
4.21.2024 21:50:20;Никогда;Не перехожу на красный;Не перехожу на красный;Дождусь зеленый;Дождусь зеленый;Дождусь зеленый;В любом случае перехожу только на зеленый;Не перехожу, нажимаю кнопку и дожидаюсь зеленого;Считаю, что многие пойдут;Не чувствую себя безопасно и не перехожу;60 секунд;Не перехожу на красный
4.21.2024 21:51:05;Несколько раз в год;Тороплюсь на подъезжающий общественный транспорт;Не перехожу на красный;Перейду вне зависимости сколько осталось ждать зеленый;Дождусь зеленый;Дождусь зеленый;В любом случае перехожу только на зеленый;Не перехожу, нажимаю кнопку и дожидаюсь зеленого;Считаю, что многие пойдут;Не чувствую себя безопасно, но перехожу так как тороплюсь или по другим причинам;30 секунд;Не перехожу на красный
4.21.2024 21:54:15;Несколько раз в год;Тороплюсь на работу/по делам;Не перехожу на красный;Дождусь зеленый;Дождусь зеленый;Дождусь зеленый;В любом случае перехожу только на зеленый;Не перехожу, нажимаю кнопку и дожидаюсь зеленого;Считаю, что пойдет несколько человек;Не чувствую себя безопасно и не перехожу;Столько, сколько требуется для безопасности;Не перехожу на красный
4.21.2024 21:56:54;Несколько раз в месяц;Тороплюсь на подъезжающий общественный транспорт;Перехожу на красный, даже если другие не перебегают;Перейду, если еще долго ждать зеленый;Перейду, если еще долго ждать зеленый;Дождусь зеленый;Да;Перехожу;Считаю, что пойдет несколько человек;Не чувствую себя безопасно, но перехожу так как тороплюсь или по другим причинам;30 секунд;Думаю, что не буду
4.21.2024 22:02:24;Никогда;Не перехожу на красный;Не перехожу на красный;Дождусь зеленый;Дождусь зеленый;Дождусь зеленый;В любом случае перехожу только на зеленый;Не перехожу, нажимаю кнопку и дожидаюсь зеленого;Считаю, что многие пойдут;Не чувствую себя безопасно и не перехожу;30 секунд;Не перехожу на красный
4.21.2024 22:05:40;Никогда;Не перехожу на красный;Не перехожу на красный;Дождусь зеленый;Дождусь зеленый;Дождусь зеленый;Нет;Не перехожу, нажимаю кнопку и дожидаюсь зеленого;Считаю, что многие пойдут;Не чувствую себя безопасно и не перехожу;Столько, сколько требуется для безопасности;Не перехожу на красный
4.21.2024 22:08:07;Никогда;Не перехожу на красный;Не перехожу на красный;Дождусь зеленый;Дождусь зеленый;Дождусь зеленый;В любом случае перехожу только на зеленый;Не перехожу, нажимаю кнопку и дожидаюсь зеленого;Считаю, что пойдет несколько человек;Не чувствую себя безопасно и не перехожу;Столько, сколько требуется для безопасности;Не перехожу на красный
4.21.2024 22:21:21;Несколько раз в неделю;Нет машин на проезжей части и не вижу смысла стоять ;Перехожу на красный, даже если другие не перебегают;Перейду вне зависимости сколько осталось ждать зеленый;Дождусь зеленый;Дождусь зеленый;Нет;Перехожу;Считаю, что пойдет несколько человек;чувствую себя безопасно;20 секунд;Думаю, что продолжу переходить на красный при необходимости
4.21.2024 22:46:06;Несколько раз в месяц;Вижу,что нет машин совсем;Не перехожу на красный;Перейду, если еще долго ждать зеленый;Дождусь зеленый;Дождусь зеленый;Нет;Не перехожу, нажимаю кнопку и дожидаюсь зеленого;Считаю, что многие пойдут;Не чувствую себя безопасно, но перехожу так как тороплюсь или по другим причинам;30 секунд;Думаю, что продолжу переходить на красный при необходимости
4.21.2024 22:53:43;Несколько раз в месяц;Красный свет горит слишком долго;Не перехожу на красный;Перейду вне зависимости сколько осталось ждать зеленый;Перейду вне зависимости сколько осталось ждать зеленый;Дождусь зеленый;Нет;Перехожу;Считаю, что пойдет несколько человек;чувствую себя безопасно;40 секунд;Думаю, что продолжу переходить на красный при необходимости
4.21.2024 23:38:49;Несколько раз в год;Рядом нет пешеходного перехода;Не перехожу на красный;Дождусь зеленый;Дождусь зеленый;Дождусь зеленый;В любом случае перехожу только на зеленый;Не перехожу, нажимаю кнопку и дожидаюсь зеленого;Считаю, что пойдет несколько человек;Не чувствую себя безопасно и не перехожу;60 секунд;Не перехожу на красный
4.21.2024 23:47:50;Никогда;Если светофор явно неисправен, а до другого идти далеко. Но прежде убеждаюсь, что переход безопасен ;Не перехожу на красный;Дождусь зеленый;Дождусь зеленый;Дождусь зеленый;Нет;Не перехожу, нажимаю кнопку и дожидаюсь зеленого;Считаю, что пойдет несколько человек;Не чувствую себя безопасно и не перехожу;Столько, сколько требуется для безопасности;Не перехожу на красный
4.21.2024 23:50:40;Никогда;Не перехожу на красный;Не перехожу на красный;Дождусь зеленый;Дождусь зеленый;Дождусь зеленый;В любом случае перехожу только на зеленый;Не перехожу, нажимаю кнопку и дожидаюсь зеленого;Считаю, что многие пойдут;Не чувствую себя безопасно и не перехожу;20 секунд;Не перехожу на красный
4.21.2024 23:59:39;Несколько раз в год;Не перехожу на красный;Не перехожу на красный;Дождусь зеленый;Дождусь зеленый;Дождусь зеленый;Нет;Не перехожу, нажимаю кнопку и дожидаюсь зеленого;Считаю, что пойдет несколько человек;Не чувствую себя безопасно и не перехожу;Более 90 секунд;Не перехожу на красный
4.22.2024 0:10:50;Никогда;Не перехожу на красный;Не перехожу на красный;Дождусь зеленый;Дождусь зеленый;Дождусь зеленый;В любом случае перехожу только на зеленый;Не перехожу, нажимаю кнопку и дожидаюсь зеленого;Считаю, что многие пойдут;Не чувствую себя безопасно и не перехожу;50 секунд;Не перехожу на красный
4.22.2024 0:12:09;Никогда;Не перехожу на красный;Не перехожу на красный;Дождусь зеленый;Дождусь зеленый;Дождусь зеленый;В любом случае перехожу только на зеленый;Не перехожу, нажимаю кнопку и дожидаюсь зеленого;Считаю, что многие пойдут;Не чувствую себя безопасно и не перехожу;30 секунд;Не перехожу на красный
4.22.2024 21:15:17;Никогда;Не перехожу на красный;Не перехожу на красный;Дождусь зеленый;Дождусь зеленый;Дождусь зеленый;В любом случае перехожу только на зеленый;Не перехожу, нажимаю кнопку и дожидаюсь зеленого;Считаю, что многие пойдут;Не чувствую себя безопасно и не перехожу;Столько, сколько требуется для безопасности;Не перехожу на красный
4.22.2024 21:16:51;Несколько раз в неделю;Тороплюсь на работу/по делам;Не перехожу на красный;Перейду, если еще долго ждать зеленый;Дождусь зеленый;Дождусь зеленый;Нет;Не перехожу, нажимаю кнопку и дожидаюсь зеленого;Считаю, что пойдет несколько человек;Не чувствую себя безопасно, но перехожу так как тороплюсь или по другим причинам;60 секунд;Думаю, что продолжу переходить на красный при необходимости
4.22.2024 22:35:16;Несколько раз в месяц;Тороплюсь на подъезжающий общественный транспорт;Перехожу на красный, даже если другие не перебегают;Перейду, если еще долго ждать зеленый;Перейду, если еще долго ждать зеленый;Перейду, если еще долго ждать зеленый;Нет;Не перехожу, нажимаю кнопку и дожидаюсь зеленого;Считаю, что многие пойдут;Не чувствую себя безопасно, но перехожу так как тороплюсь или по другим причинам;Менее 20 секунд;Думаю, что не буду
4.22.2024 22:35:28;Несколько раз в год;Тороплюсь на подъезжающий общественный транспорт;Не перехожу на красный;Дождусь зеленый;Дождусь зеленый;Дождусь зеленый;В любом случае перехожу только на зеленый;Не перехожу, нажимаю кнопку и дожидаюсь зеленого;Считаю, что многие пойдут;Не чувствую себя безопасно, но перехожу так как тороплюсь или по другим причинам;40 секунд;Думаю, что не буду
4.22.2024 22:38:43;Несколько раз в год;Тороплюсь на подъезжающий общественный транспорт;Не перехожу на красный;Перейду, если еще долго ждать зеленый;Перейду, если еще долго ждать зеленый;Перейду, если еще долго ждать зеленый;Нет;Не перехожу, нажимаю кнопку и дожидаюсь зеленого;Считаю, что многие пойдут;Не чувствую себя безопасно, но перехожу так как тороплюсь или по другим причинам;Столько, сколько требуется для безопасности;Думаю, что продолжу переходить на красный при необходимости
4.22.2024 22:39:35;Никогда;Не перехожу на красный;Не перехожу на красный;Дождусь зеленый;Дождусь зеленый;Дождусь зеленый;В любом случае перехожу только на зеленый;Не перехожу, нажимаю кнопку и дожидаюсь зеленого;Считаю, что пойдет несколько человек;Не чувствую себя безопасно и не перехожу;30 секунд;Не перехожу на красный
4.22.2024 22:40:40;Несколько раз в неделю;Перехожу на красном только в одном месте, там часто нет машин и светофор работает на кнопке. Когда поток большой нажимаю на кнопку и жду зелёный свет.;Не перехожу на красный;Перейду, если еще долго ждать зеленый;Дождусь зеленый;Дождусь зеленый;В любом случае перехожу только на зеленый;Перехожу;Считаю, что многие пойдут;Не чувствую себя безопасно, но перехожу так как тороплюсь или по другим причинам;Столько, сколько требуется для безопасности;Думаю, что продолжу переходить на красный при необходимости
4.22.2024 22:45:34;Несколько раз в месяц;Тороплюсь на работу/по делам;Да, перехожу вместе с ними;Перейду, если еще долго ждать зеленый;Дождусь зеленый;Дождусь зеленый;Нет;Не перехожу, нажимаю кнопку и дожидаюсь зеленого;Считаю, что пойдет несколько человек;Не чувствую себя безопасно, но перехожу так как тороплюсь или по другим причинам;40 секунд;Думаю, что не буду
4.22.2024 22:47:35;Никогда;Не перехожу на красный;Не перехожу на красный;Дождусь зеленый;Дождусь зеленый;Дождусь зеленый;В любом случае перехожу только на зеленый;Не перехожу, нажимаю кнопку и дожидаюсь зеленого;Считаю, что многие пойдут;Не чувствую себя безопасно и не перехожу;40 секунд;Не перехожу на красный
4.22.2024 22:54:55;Никогда;Не перехожу на красный;Не перехожу на красный;Дождусь зеленый;Дождусь зеленый;Дождусь зеленый;В любом случае перехожу только на зеленый;Не перехожу, нажимаю кнопку и дожидаюсь зеленого;Считаю, что многие пойдут;Не чувствую себя безопасно и не перехожу;Столько, сколько требуется для безопасности;Не перехожу на красный
4.22.2024 22:55:32;Несколько раз в год;Тороплюсь на работу/по делам;Не перехожу на красный;Перейду, если еще долго ждать зеленый;Дождусь зеленый;Дождусь зеленый;Нет;Не перехожу, нажимаю кнопку и дожидаюсь зеленого;Считаю, что многие пойдут;Не чувствую себя безопасно, но перехожу так как тороплюсь или по другим причинам;30 секунд;Думаю, что не буду
4.22.2024 22:56:39;Никогда;Не перехожу на красный;Не перехожу на красный;Дождусь зеленый;Дождусь зеленый;Дождусь зеленый;В любом случае перехожу только на зеленый;Не перехожу, нажимаю кнопку и дожидаюсь зеленого;Считаю, что многие пойдут;Не чувствую себя безопасно и не перехожу;40 секунд;Не перехожу на красный
4.22.2024 22:57:01;Несколько раз в год;Я точно знаю работу светофора , и могу идти,зная ,что движение автомобиля (которые в теории мне может помешать )не будет ;Не перехожу на красный;Перейду, если еще долго ждать зеленый;Дождусь зеленый;Дождусь зеленый;Нет;Не перехожу, нажимаю кнопку и дожидаюсь зеленого;Считаю, что многие пойдут;чувствую себя безопасно;30 секунд;Думаю, что продолжу переходить на красный при необходимости
4.22.2024 22:58:50;Никогда;Не перехожу на красный;Не перехожу на красный;Перейду, если еще долго ждать зеленый;Дождусь зеленый;Дождусь зеленый;Нет;Не перехожу, нажимаю кнопку и дожидаюсь зеленого;Считаю, что многие пойдут;Не чувствую себя безопасно и не перехожу;60 секунд;Не перехожу на красный
4.22.2024 23:00:17;Никогда;Не перехожу на красный;Не перехожу на красный;Перейду, если еще долго ждать зеленый;Дождусь зеленый;Дождусь зеленый;В любом случае перехожу только на зеленый;Не перехожу, нажимаю кнопку и дожидаюсь зеленого;Считаю, что пойдет несколько человек;Не чувствую себя безопасно и не перехожу;20 секунд;Не перехожу на красный
4.22.2024 23:02:47;Несколько раз в месяц;Сократить путь;Не перехожу на красный;Перейду вне зависимости сколько осталось ждать зеленый;Дождусь зеленый;Дождусь зеленый;Нет;Перехожу;Считаю, что пойдет несколько человек;Не чувствую себя безопасно, но перехожу так как тороплюсь или по другим причинам;Менее 20 секунд;Думаю, что не буду
4.22.2024 23:03:42;Никогда;Не перехожу на красный;Не перехожу на красный;Дождусь зеленый;Дождусь зеленый;Дождусь зеленый;В любом случае перехожу только на зеленый;Не перехожу, нажимаю кнопку и дожидаюсь зеленого;Считаю, что пойдет несколько человек;Не чувствую себя безопасно и не перехожу;Столько, сколько требуется для безопасности;Не перехожу на красный
4.22.2024 23:04:13;Никогда;Не перехожу на красный;Не перехожу на красный;Перейду, если еще долго ждать зеленый;Дождусь зеленый;Дождусь зеленый;В любом случае перехожу только на зеленый;Не перехожу, нажимаю кнопку и дожидаюсь зеленого;Считаю, что многие пойдут;чувствую себя безопасно;90 секунд;Не перехожу на красный
4.22.2024 23:04:53;Никогда;Не перехожу на красный;Не перехожу на красный;Перейду, если еще долго ждать зеленый;Дождусь зеленый;Дождусь зеленый;Нет;Не перехожу, нажимаю кнопку и дожидаюсь зеленого;Считаю, что многие пойдут;Не чувствую себя безопасно и не перехожу;20 секунд;Думаю, что не буду
4.22.2024 23:17:33;Несколько раз в год;Тороплюсь на подъезжающий общественный транспорт;Не перехожу на красный;Перейду, если еще долго ждать зеленый;Дождусь зеленый;Дождусь зеленый;В любом случае перехожу только на зеленый;Не перехожу, нажимаю кнопку и дожидаюсь зеленого;Считаю, что многие пойдут;Не чувствую себя безопасно, но перехожу так как тороплюсь или по другим причинам;30 секунд;Думаю, что не буду
4.22.2024 23:28:45;Несколько раз в год;Тороплюсь на работу/по делам;Перехожу на красный, даже если другие не перебегают;Перейду, если еще долго ждать зеленый;Перейду, если еще долго ждать зеленый;Дождусь зеленый;Нет;Не перехожу, нажимаю кнопку и дожидаюсь зеленого;Считаю, что пойдет несколько человек;чувствую себя безопасно;30 секунд;Думаю, что не буду
4.22.2024 23:31:24;Несколько раз в месяц;Тороплюсь на работу/по делам;Перехожу на красный, даже если другие не перебегают;Перейду, если еще долго ждать зеленый;Перейду, если еще долго ждать зеленый;Дождусь зеленый;Да;Перехожу;Считаю, что пойдет несколько человек;Не чувствую себя безопасно, но перехожу так как тороплюсь или по другим причинам;60 секунд;Думаю, что не буду
4.22.2024 23:34:57;Несколько раз в год;Тороплюсь на подъезжающий общественный транспорт;Не перехожу на красный;Перейду, если еще долго ждать зеленый;Дождусь зеленый;Дождусь зеленый;Нет;Не перехожу, нажимаю кнопку и дожидаюсь зеленого;Считаю, что пойдет несколько человек;Не чувствую себя безопасно, но перехожу так как тороплюсь или по другим причинам;30 секунд;Думаю, что не буду
4.22.2024 23:37:56;Никогда;НИКОГДА;Не перехожу на красный;Дождусь зеленый;Дождусь зеленый;Дождусь зеленый;В любом случае перехожу только на зеленый;Не перехожу, нажимаю кнопку и дожидаюсь зеленого;Считаю, что никто не пойдет;Не чувствую себя безопасно и не перехожу;70 секунд;Не перехожу на красный
4.22.2024 23:38:40;Никогда;Не перехожу на красный;Не перехожу на красный;Дождусь зеленый;Дождусь зеленый;Дождусь зеленый;В любом случае перехожу только на зеленый;Не перехожу, нажимаю кнопку и дожидаюсь зеленого;Считаю, что пойдет несколько человек;Не чувствую себя безопасно и не перехожу;60 секунд;Не перехожу на красный
4.22.2024 23:40:17;Никогда;Тороплюсь на работу/по делам;Не перехожу на красный;Дождусь зеленый;Дождусь зеленый;Дождусь зеленый;В любом случае перехожу только на зеленый;Не перехожу, нажимаю кнопку и дожидаюсь зеленого;Считаю, что пойдет несколько человек;Не чувствую себя безопасно и не перехожу;20 секунд;Не перехожу на красный
4.22.2024 23:48:24;Несколько раз в год;Когда нет машин;Не перехожу на красный;Перейду вне зависимости сколько осталось ждать зеленый;Дождусь зеленый;Дождусь зеленый;Нет;Перехожу;Считаю, что многие пойдут;Не чувствую себя безопасно, но перехожу так как тороплюсь или по другим причинам;60 секунд;Думаю, что продолжу переходить на красный при необходимости
4.22.2024 23:55:01;Несколько раз в год;Красный свет горит слишком долго;Не перехожу на красный;Перейду, если еще долго ждать зеленый;Перейду вне зависимости сколько осталось ждать зеленый;Дождусь зеленый;В любом случае перехожу только на зеленый;Не перехожу, нажимаю кнопку и дожидаюсь зеленого;Считаю, что многие пойдут;Не чувствую себя безопасно, но перехожу так как тороплюсь или по другим причинам;40 секунд;Не перехожу на красный
4.23.2024 0:11:06;Несколько раз в месяц;Красный свет горит слишком долго;Перехожу на красный, даже если другие не перебегают;Перейду, если еще долго ждать зеленый;Дождусь зеленый;Дождусь зеленый;В любом случае перехожу только на зеленый;Не перехожу, нажимаю кнопку и дожидаюсь зеленого;Считаю, что пойдет несколько человек;чувствую себя безопасно;60 секунд;Думаю, что не буду
4.23.2024 0:11:08;Несколько раз в год;Нет автотранспорта в обеих сторонах;Не перехожу на красный;Перейду, если еще долго ждать зеленый;Дождусь зеленый;Дождусь зеленый;Нет;Не перехожу, нажимаю кнопку и дожидаюсь зеленого;Считаю, что многие пойдут;Не чувствую себя безопасно, но перехожу так как тороплюсь или по другим причинам;30 секунд;Думаю, что продолжу переходить на красный при необходимости
4.23.2024 0:12:28;Никогда;Не перехожу на красный;Не перехожу на красный;Дождусь зеленый;Дождусь зеленый;Дождусь зеленый;В любом случае перехожу только на зеленый;Не перехожу, нажимаю кнопку и дожидаюсь зеленого;Считаю, что пойдет несколько человек;Не чувствую себя безопасно и не перехожу;20 секунд;Не перехожу на красный
4.23.2024 0:19:55;Несколько раз в год;Когда вижу что ждать еще долго, а машин ни с лева ни справа нет. Или они очень далеко и едут в спокойном режиме;Не перехожу на красный;Перейду, если еще долго ждать зеленый;Дождусь зеленый;Дождусь зеленый;Нет;Не перехожу, нажимаю кнопку и дожидаюсь зеленого;Считаю, что многие пойдут;Не чувствую себя безопасно и не перехожу;60 секунд;Думаю, что не буду
4.23.2024 0:28:07;Несколько раз в год;Нет машин;Да, перехожу вместе с ними;Перейду вне зависимости сколько осталось ждать зеленый;Перейду вне зависимости сколько осталось ждать зеленый;Дождусь зеленый;Нет;Не перехожу, нажимаю кнопку и дожидаюсь зеленого;Считаю, что многие пойдут;Не чувствую себя безопасно и не перехожу;20 секунд;Не перехожу на красный
4.23.2024 0:29:10;Никогда;Не перехожу на красный;Не перехожу на красный;Дождусь зеленый;Перейду, если еще долго ждать зеленый;Дождусь зеленый;В любом случае перехожу только на зеленый;Перехожу;Считаю, что многие пойдут;Не чувствую себя безопасно и не перехожу;30 секунд;Не перехожу на красный
4.23.2024 0:39:22;Никогда;Не перехожу на красный;Не перехожу на красный;Дождусь зеленый;Дождусь зеленый;Дождусь зеленый;В любом случае перехожу только на зеленый;Не перехожу, нажимаю кнопку и дожидаюсь зеленого;Считаю, что многие пойдут;Не чувствую себя безопасно и не перехожу;Столько, сколько требуется для безопасности;Не перехожу на красный
4.23.2024 0:42:28;Несколько раз в год;Красный свет горит слишком долго;Не перехожу на красный;Перейду, если еще долго ждать зеленый;Дождусь зеленый;Дождусь зеленый;Нет;Не перехожу, нажимаю кнопку и дожидаюсь зеленого;Считаю, что многие пойдут;Не чувствую себя безопасно, но перехожу так как тороплюсь или по другим причинам;Столько, сколько требуется для безопасности;Не перехожу на красный
4.23.2024 0:57:16;Несколько раз в год;Тороплюсь на работу/по делам;Не перехожу на красный;Перейду, если еще долго ждать зеленый;Дождусь зеленый;Дождусь зеленый;Нет;Не перехожу, нажимаю кнопку и дожидаюсь зеленого;Считаю, что пойдет несколько человек;Не чувствую себя безопасно, но перехожу так как тороплюсь или по другим причинам;30 секунд;Думаю, что не буду
4.23.2024 1:19:43;Никогда;Не перехожу на красный;Не перехожу на красный;Дождусь зеленый;Дождусь зеленый;Дождусь зеленый;В любом случае перехожу только на зеленый;Не перехожу, нажимаю кнопку и дожидаюсь зеленого;Считаю, что пойдет несколько человек;Не чувствую себя безопасно и не перехожу;40 секунд;Не перехожу на красный
4.23.2024 2:50:28;Никогда;Не перехожу на красный;Не перехожу на красный;Перейду вне зависимости сколько осталось ждать зеленый;Дождусь зеленый;Дождусь зеленый;В любом случае перехожу только на зеленый;Не перехожу, нажимаю кнопку и дожидаюсь зеленого;Считаю, что многие пойдут;Не чувствую себя безопасно и не перехожу;20 секунд;Не перехожу на красный
4.23.2024 4:23:59;Несколько раз в год;Тороплюсь на работу/по делам;Не перехожу на красный;Перейду, если еще долго ждать зеленый;Дождусь зеленый;Дождусь зеленый;В любом случае перехожу только на зеленый;Не перехожу, нажимаю кнопку и дожидаюсь зеленого;Считаю, что пойдет несколько человек;Не чувствую себя безопасно и не перехожу;Столько, сколько требуется для безопасности;Не перехожу на красный
4.23.2024 6:35:31;Никогда;Не перехожу на красный;Не перехожу на красный;Дождусь зеленый;Дождусь зеленый;Дождусь зеленый;В любом случае перехожу только на зеленый;Не перехожу, нажимаю кнопку и дожидаюсь зеленого;Считаю, что многие пойдут;Не чувствую себя безопасно и не перехожу;Столько, сколько требуется для безопасности;Не перехожу на красный
4.23.2024 6:35:51;Несколько раз в год;Тороплюсь на работу/по делам;Перехожу на красный, даже если другие не перебегают;Перейду, если еще долго ждать зеленый;Дождусь зеленый;Дождусь зеленый;Нет;Не перехожу, нажимаю кнопку и дожидаюсь зеленого;Считаю, что многие пойдут;Не чувствую себя безопасно, но перехожу так как тороплюсь или по другим причинам;60 секунд;Думаю, что не буду
4.23.2024 6:40:38;Несколько раз в неделю;Тороплюсь на работу/по делам;Перехожу на красный, даже если другие не перебегают;Перейду, если еще долго ждать зеленый;Перейду, если еще долго ждать зеленый;Дождусь зеленый;Нет;Не перехожу, нажимаю кнопку и дожидаюсь зеленого;Считаю, что многие пойдут;чувствую себя безопасно;30 секунд;Думаю, что не буду
4.23.2024 6:41:53;Несколько раз в неделю;Не перехожу на красный;Не перехожу на красный;Перейду, если еще долго ждать зеленый;Перейду, если еще долго ждать зеленый;Дождусь зеленый;Нет;Не перехожу, нажимаю кнопку и дожидаюсь зеленого;Считаю, что пойдет несколько человек;Не чувствую себя безопасно, но перехожу так как тороплюсь или по другим причинам;Столько, сколько требуется для безопасности;Думаю, что не буду
4.23.2024 6:42:55;Никогда;Не перехожу на красный;Не перехожу на красный;Перейду, если еще долго ждать зеленый;Перейду, если еще долго ждать зеленый;Дождусь зеленый;В любом случае перехожу только на зеленый;Не перехожу, нажимаю кнопку и дожидаюсь зеленого;Считаю, что многие пойдут;Не чувствую себя безопасно и не перехожу;30 секунд;Не перехожу на красный
4.23.2024 6:49:00;Каждый день;Не перехожу на красный;Не перехожу на красный;Дождусь зеленый;Дождусь зеленый;Дождусь зеленый;В любом случае перехожу только на зеленый;Не перехожу, нажимаю кнопку и дожидаюсь зеленого;Считаю, что многие пойдут;Не чувствую себя безопасно и не перехожу;60 секунд;Не перехожу на красный
4.23.2024 7:13:42;Несколько раз в год;Тороплюсь на подъезжающий общественный транспорт;Не перехожу на красный;Дождусь зеленый;Дождусь зеленый;Дождусь зеленый;В любом случае перехожу только на зеленый;Не перехожу, нажимаю кнопку и дожидаюсь зеленого;Считаю, что многие пойдут;Не чувствую себя безопасно и не перехожу;Столько, сколько требуется для безопасности;Не перехожу на красный
4.23.2024 7:21:07;Несколько раз в месяц;Красный свет горит слишком долго;Да, перехожу вместе с ними;Перейду, если еще долго ждать зеленый;Дождусь зеленый;Дождусь зеленый;Да;Перехожу;Считаю, что многие пойдут;чувствую себя безопасно;30 секунд;Думаю, что не буду
4.23.2024 7:24:30;Несколько раз в год;Тороплюсь на работу/по делам;Не перехожу на красный;Перейду, если еще долго ждать зеленый;Дождусь зеленый;Дождусь зеленый;Нет;Не перехожу, нажимаю кнопку и дожидаюсь зеленого;Считаю, что пойдет несколько человек;Не чувствую себя безопасно, но перехожу так как тороплюсь или по другим причинам;30 секунд;Думаю, что продолжу переходить на красный при необходимости
4.23.2024 7:38:29;Несколько раз в год;Не перехожу на красный;Не перехожу на красный;Перейду вне зависимости сколько осталось ждать зеленый;Дождусь зеленый;Дождусь зеленый;Нет;Не перехожу, нажимаю кнопку и дожидаюсь зеленого;Считаю, что многие пойдут;Не чувствую себя безопасно и не перехожу;40 секунд;Не перехожу на красный
4.23.2024 7:42:39;Несколько раз в год;Тороплюсь на работу/по делам;Не перехожу на красный;Перейду вне зависимости сколько осталось ждать зеленый;Дождусь зеленый;Дождусь зеленый;В любом случае перехожу только на зеленый;Не перехожу, нажимаю кнопку и дожидаюсь зеленого;Считаю, что многие пойдут;Не чувствую себя безопасно и не перехожу;60 секунд;Не перехожу на красный
4.23.2024 7:47:49;Никогда;Не перехожу на красный;Не перехожу на красный;Перейду, если еще долго ждать зеленый;Перейду, если еще долго ждать зеленый;Дождусь зеленый;В любом случае перехожу только на зеленый;Перехожу;Считаю, что многие пойдут;чувствую себя безопасно;30 секунд;Думаю, что не буду
4.23.2024 7:59:58;Никогда;Не перехожу на красный;Не перехожу на красный;Перейду, если еще долго ждать зеленый;Дождусь зеленый;Дождусь зеленый;В любом случае перехожу только на зеленый;Не перехожу, нажимаю кнопку и дожидаюсь зеленого;Считаю, что пойдет несколько человек;Не чувствую себя безопасно и не перехожу;30 секунд;Не перехожу на красный
4.23.2024 8:18:30;Несколько раз в месяц;Тороплюсь на работу/по делам;Перехожу на красный, даже если другие не перебегают;Перейду вне зависимости сколько осталось ждать зеленый;Перейду, если еще долго ждать зеленый;Дождусь зеленый;Нет;Перехожу;Считаю, что многие пойдут;Не чувствую себя безопасно, но перехожу так как тороплюсь или по другим причинам;30 секунд;Думаю, что не буду
4.23.2024 8:21:49;Никогда;Не перехожу на красный;Не перехожу на красный;Дождусь зеленый;Дождусь зеленый;Дождусь зеленый;В любом случае перехожу только на зеленый;Не перехожу, нажимаю кнопку и дожидаюсь зеленого;Считаю, что многие пойдут;Не чувствую себя безопасно и не перехожу;Более 90 секунд;Не перехожу на красный
4.23.2024 8:27:10;Несколько раз в год;Не перехожу на красный;Не перехожу на красный;Перейду, если еще долго ждать зеленый;Дождусь зеленый;Дождусь зеленый;Нет;Не перехожу, нажимаю кнопку и дожидаюсь зеленого;Считаю, что пойдет несколько человек;Не чувствую себя безопасно, но перехожу так как тороплюсь или по другим причинам;60 секунд;Думаю, что не буду
4.23.2024 8:46:53;Никогда;Не перехожу на красный;Не перехожу на красный;Дождусь зеленый;Дождусь зеленый;Дождусь зеленый;В любом случае перехожу только на зеленый;Не перехожу, нажимаю кнопку и дожидаюсь зеленого;Считаю, что пойдет несколько человек;Не чувствую себя безопасно и не перехожу;40 секунд;Не перехожу на красный
4.23.2024 9:11:58;Никогда;Не перехожу на красный;Не перехожу на красный;Дождусь зеленый;Перейду, если еще долго ждать зеленый;Дождусь зеленый;В любом случае перехожу только на зеленый;Не перехожу, нажимаю кнопку и дожидаюсь зеленого;Считаю, что многие пойдут;Не чувствую себя безопасно и не перехожу;30 секунд;Не перехожу на красный
4.23.2024 9:24:33;Никогда;Не перехожу на красный;Не перехожу на красный;Дождусь зеленый;Дождусь зеленый;Дождусь зеленый;В любом случае перехожу только на зеленый;Не перехожу, нажимаю кнопку и дожидаюсь зеленого;Считаю, что пойдет несколько человек;Не чувствую себя безопасно и не перехожу;30 секунд;Не перехожу на красный
4.23.2024 9:24:55;Несколько раз в год;Тороплюсь на работу/по делам;Не перехожу на красный;Дождусь зеленый;Дождусь зеленый;Дождусь зеленый;В любом случае перехожу только на зеленый;Не перехожу, нажимаю кнопку и дожидаюсь зеленого;Считаю, что многие пойдут;Не чувствую себя безопасно и не перехожу;40 секунд;Не перехожу на красный
4.23.2024 9:46:17;Несколько раз в год;Тороплюсь на подъезжающий общественный транспорт;Да, перехожу вместе с ними;Перейду, если еще долго ждать зеленый;Перейду, если еще долго ждать зеленый;Дождусь зеленый;Нет;Не перехожу, нажимаю кнопку и дожидаюсь зеленого;Считаю, что пойдет несколько человек;Не чувствую себя безопасно, но перехожу так как тороплюсь или по другим причинам;60 секунд;Думаю, что не буду
4.23.2024 10:13:30;Никогда;Не перехожу на красный;Не перехожу на красный;Дождусь зеленый;Дождусь зеленый;Дождусь зеленый;В любом случае перехожу только на зеленый;Не перехожу, нажимаю кнопку и дожидаюсь зеленого;Считаю, что многие пойдут;Не чувствую себя безопасно и не перехожу;30 секунд;Не перехожу на красный
4.23.2024 10:27:50;Несколько раз в месяц;Красный свет горит слишком долго;Не перехожу на красный;Перейду, если еще долго ждать зеленый;Перейду, если еще долго ждать зеленый;Дождусь зеленый;Нет;Не перехожу, нажимаю кнопку и дожидаюсь зеленого;Считаю, что многие пойдут;Не чувствую себя безопасно, но перехожу так как тороплюсь или по другим причинам;60 секунд;Думаю, что не буду
4.23.2024 10:49:04;Никогда;Не перехожу на красный Я инвалид;Не перехожу на красный;Дождусь зеленый;Дождусь зеленый;Дождусь зеленый;В любом случае перехожу только на зеленый;Не перехожу, нажимаю кнопку и дожидаюсь зеленого;Считаю, что пойдет несколько человек;Не чувствую себя безопасно и не перехожу;50 секунд;Не перехожу на красный
4.23.2024 10:55:13;Несколько раз в год;Тороплюсь на подъезжающий общественный транспорт;Да, перехожу вместе с ними;Перейду, если еще долго ждать зеленый;Перейду, если еще долго ждать зеленый;Дождусь зеленый;Нет;Перехожу;Считаю, что многие пойдут;Не чувствую себя безопасно, но перехожу так как тороплюсь или по другим причинам;30 секунд;Думаю, что не буду
4.23.2024 11:18:16;Несколько раз в год;Тороплюсь на подъезжающий общественный транспорт;Не перехожу на красный;Дождусь зеленый;Дождусь зеленый;Дождусь зеленый;В любом случае перехожу только на зеленый;Не перехожу, нажимаю кнопку и дожидаюсь зеленого;Считаю, что пойдет несколько человек;Не чувствую себя безопасно и не перехожу;90 секунд;Не перехожу на красный
4.23.2024 11:28:20;Никогда;Не перехожу на красный;Не перехожу на красный;Перейду вне зависимости сколько осталось ждать зеленый;Дождусь зеленый;Дождусь зеленый;Нет;Не перехожу, нажимаю кнопку и дожидаюсь зеленого;Считаю, что пойдет несколько человек;Не чувствую себя безопасно, но перехожу так как тороплюсь или по другим причинам;40 секунд;Думаю, что не буду
4.23.2024 11:41:16;Никогда;Не перехожу на красный;Не перехожу на красный;Дождусь зеленый;Дождусь зеленый;Дождусь зеленый;В любом случае перехожу только на зеленый;Не перехожу, нажимаю кнопку и дожидаюсь зеленого;Считаю, что многие пойдут;Не чувствую себя безопасно и не перехожу;Столько, сколько требуется для безопасности;Не перехожу на красный
4.23.2024 12:07:17;Несколько раз в месяц;Тороплюсь на подъезжающий общественный транспорт;Да, перехожу вместе с ними;Перейду, если еще долго ждать зеленый;Дождусь зеленый;Дождусь зеленый;В любом случае перехожу только на зеленый;Не перехожу, нажимаю кнопку и дожидаюсь зеленого;Считаю, что многие пойдут;Не чувствую себя безопасно, но перехожу так как тороплюсь или по другим причинам;30 секунд;Думаю, что продолжу переходить на красный при необходимости
4.23.2024 12:42:38;Никогда;Не перехожу на красный;Не перехожу на красный;Дождусь зеленый;Дождусь зеленый;Дождусь зеленый;В любом случае перехожу только на зеленый;Не перехожу, нажимаю кнопку и дожидаюсь зеленого;Считаю, что пойдет несколько человек;Не чувствую себя безопасно и не перехожу;Столько, сколько требуется для безопасности;Не перехожу на красный
4.23.2024 12:44:25;Несколько раз в год;Красный свет горит слишком долго;Да, перехожу вместе с ними;Перейду, если еще долго ждать зеленый;Перейду, если еще долго ждать зеленый;Дождусь зеленый;Нет;Не перехожу, нажимаю кнопку и дожидаюсь зеленого;Считаю, что многие пойдут;Не чувствую себя безопасно, но перехожу так как тороплюсь или по другим причинам;60 секунд;Думаю, что продолжу переходить на красный при необходимости
4.23.2024 12:44:29;Никогда;Не перехожу на красный;Не перехожу на красный;Перейду, если еще долго ждать зеленый;Дождусь зеленый;Дождусь зеленый;В любом случае перехожу только на зеленый;Не перехожу, нажимаю кнопку и дожидаюсь зеленого;Считаю, что многие пойдут;Не чувствую себя безопасно и не перехожу;70 секунд;Не перехожу на красный
4.23.2024 13:18:13;Никогда;Не перехожу на красный;Не перехожу на красный;Дождусь зеленый;Дождусь зеленый;Дождусь зеленый;В любом случае перехожу только на зеленый;Не перехожу, нажимаю кнопку и дожидаюсь зеленого;Считаю, что пойдет несколько человек;Не чувствую себя безопасно и не перехожу;70 секунд;Не перехожу на красный
4.23.2024 13:20:57;Никогда;Не перехожу на красный;Не перехожу на красный;Дождусь зеленый;Дождусь зеленый;Дождусь зеленый;В любом случае перехожу только на зеленый;Не перехожу, нажимаю кнопку и дожидаюсь зеленого;Считаю, что пойдет несколько человек;Не чувствую себя безопасно и не перехожу;30 секунд;Не перехожу на красный
4.23.2024 13:49:21;Несколько раз в год;Долгий красный, при отсутствии перекрестка и машин в поле видимости;Не перехожу на красный;Перейду, если еще долго ждать зеленый;Дождусь зеленый;Дождусь зеленый;В любом случае перехожу только на зеленый;Не перехожу, нажимаю кнопку и дожидаюсь зеленого;Считаю, что многие пойдут;Не чувствую себя безопасно, но перехожу так как тороплюсь или по другим причинам;Столько, сколько требуется для безопасности;Думаю, что не буду
4.23.2024 14:00:20;Никогда;Не перехожу на красный;Не перехожу на красный;Перейду, если еще долго ждать зеленый;Дождусь зеленый;Дождусь зеленый;В любом случае перехожу только на зеленый;Не перехожу, нажимаю кнопку и дожидаюсь зеленого;Считаю, что многие пойдут;Не чувствую себя безопасно и не перехожу;Столько, сколько требуется для безопасности;Не перехожу на красный
4.23.2024 14:10:26;Никогда;Не перехожу на красный;Не перехожу на красный;Дождусь зеленый;Перейду вне зависимости сколько осталось ждать зеленый;Дождусь зеленый;Да;Не перехожу, нажимаю кнопку и дожидаюсь зеленого;Считаю, что пойдет несколько человек;Не чувствую себя безопасно и не перехожу;20 секунд;Не перехожу на красный
4.23.2024 14:11:35;Несколько раз в год;Тороплюсь на работу/по делам;Не перехожу на красный;Перейду, если еще долго ждать зеленый;Перейду, если еще долго ждать зеленый;Дождусь зеленый;Нет;Не перехожу, нажимаю кнопку и дожидаюсь зеленого;Считаю, что многие пойдут;чувствую себя безопасно;Менее 20 секунд;Думаю, что не буду
4.23.2024 15:42:47;Никогда;Не перехожу на красный;Не перехожу на красный;Дождусь зеленый;Дождусь зеленый;Дождусь зеленый;В любом случае перехожу только на зеленый;Не перехожу, нажимаю кнопку и дожидаюсь зеленого;Считаю, что пойдет несколько человек;Не чувствую себя безопасно и не перехожу;30 секунд;Не перехожу на красный
4.23.2024 15:44:46;Несколько раз в неделю;Тороплюсь на работу/по делам;Да, перехожу вместе с ними;Перейду вне зависимости сколько осталось ждать зеленый;Перейду, если еще долго ждать зеленый;Дождусь зеленый;Нет;Не перехожу, нажимаю кнопку и дожидаюсь зеленого;Считаю, что многие пойдут;чувствую себя безопасно;40 секунд;Думаю, что продолжу переходить на красный при необходимости
4.23.2024 16:00:26;Никогда;Не перехожу на красный;Не перехожу на красный;Дождусь зеленый;Дождусь зеленый;Дождусь зеленый;В любом случае перехожу только на зеленый;Не перехожу, нажимаю кнопку и дожидаюсь зеленого;Считаю, что многие пойдут;Не чувствую себя безопасно и не перехожу;30 секунд;Не перехожу на красный
4.23.2024 16:35:49;Никогда;Не перехожу на красный;Не перехожу на красный;Дождусь зеленый;Дождусь зеленый;Дождусь зеленый;В любом случае перехожу только на зеленый;Не перехожу, нажимаю кнопку и дожидаюсь зеленого;Считаю, что пойдет несколько человек;Не чувствую себя безопасно и не перехожу;Столько, сколько требуется для безопасности;Не перехожу на красный
4.23.2024 17:20:32;Никогда;Не перехожу на красный;Не перехожу на красный;Перейду, если еще долго ждать зеленый;Перейду, если еще долго ждать зеленый;Дождусь зеленый;В любом случае перехожу только на зеленый;Не перехожу, нажимаю кнопку и дожидаюсь зеленого;Считаю, что пойдет несколько человек;Не чувствую себя безопасно и не перехожу;20 секунд;Не перехожу на красный
4.23.2024 17:41:13;Несколько раз в год;Тороплюсь на работу/по делам;Не перехожу на красный;Дождусь зеленый;Дождусь зеленый;Дождусь зеленый;Нет;Не перехожу, нажимаю кнопку и дожидаюсь зеленого;Считаю, что пойдет несколько человек;Не чувствую себя безопасно, но перехожу так как тороплюсь или по другим причинам;50 секунд;Не перехожу на красный
4.23.2024 17:47:18;Никогда;Не перехожу на красный;Не перехожу на красный;Дождусь зеленый;Дождусь зеленый;Дождусь зеленый;В любом случае перехожу только на зеленый;Не перехожу, нажимаю кнопку и дожидаюсь зеленого;Считаю, что многие пойдут;Не чувствую себя безопасно и не перехожу;Столько, сколько требуется для безопасности;Не перехожу на красный
4.23.2024 19:22:50;Никогда;Не перехожу на красный;Не перехожу на красный;Дождусь зеленый;Дождусь зеленый;Дождусь зеленый;В любом случае перехожу только на зеленый;Не перехожу, нажимаю кнопку и дожидаюсь зеленого;Считаю, что многие пойдут;Не чувствую себя безопасно и не перехожу;Столько, сколько требуется для безопасности;Не перехожу на красный
4.23.2024 20:48:53;Несколько раз в месяц;Тороплюсь на работу/по делам;Да, перехожу вместе с ними;Перейду вне зависимости сколько осталось ждать зеленый;Перейду, если еще долго ждать зеленый;Перейду, если еще долго ждать зеленый;Нет;Не перехожу, нажимаю кнопку и дожидаюсь зеленого;Считаю, что многие пойдут;Не чувствую себя безопасно, но перехожу так как тороплюсь или по другим причинам;40 секунд;Думаю, что продолжу переходить на красный при необходимости
4.23.2024 20:57:49;Несколько раз в месяц;Тороплюсь на работу/по делам;Да, перехожу вместе с ними;Перейду, если еще долго ждать зеленый;Перейду, если еще долго ждать зеленый;Дождусь зеленый;Нет;Не перехожу, нажимаю кнопку и дожидаюсь зеленого;Считаю, что многие пойдут;Не чувствую себя безопасно, но перехожу так как тороплюсь или по другим причинам;20 секунд;Думаю, что не буду
4.23.2024 21:16:27;Никогда;Не перехожу на красный;Не перехожу на красный;Дождусь зеленый;Дождусь зеленый;Дождусь зеленый;В любом случае перехожу только на зеленый;Не перехожу, нажимаю кнопку и дожидаюсь зеленого;Считаю, что пойдет несколько человек;Не чувствую себя безопасно и не перехожу;Столько, сколько требуется для безопасности;Не перехожу на красный
4.23.2024 22:02:53;Несколько раз в месяц;Красный свет горит слишком долго;Да, перехожу вместе с ними;Перейду, если еще долго ждать зеленый;Перейду, если еще долго ждать зеленый;Дождусь зеленый;Да;Перехожу;Считаю, что многие пойдут;Не чувствую себя безопасно, но перехожу так как тороплюсь или по другим причинам;20 секунд;Думаю, что не буду
4.23.2024 22:28:05;Никогда;За секунду до зеленого торопясь на автобус во время дождя или мороза;Не перехожу на красный;Дождусь зеленый;Дождусь зеленый;Дождусь зеленый;В любом случае перехожу только на зеленый;Не перехожу, нажимаю кнопку и дожидаюсь зеленого;Считаю, что пойдет несколько человек;Не чувствую себя безопасно и не перехожу;30 секунд;Не перехожу на красный
4.23.2024 23:05:15;Каждый день;На эту дорогу нечасто поворачивают машины, а зелёный по кнопке ждать долго. Тем более что, дорога однополосная с односторонним движением. Считаю, что вызывать зелёный сигнал светофора - это тормозить движение, если автомобиль все таки поворачивает на эту дорогу. . ;Перехожу на красный, даже если другие не перебегают;Перейду, если еще долго ждать зеленый;Дождусь зеленый;Дождусь зеленый;Нет;Перехожу;Считаю, что многие пойдут;чувствую себя безопасно;30 секунд;Думаю, что не буду
4.23.2024 23:32:32;Никогда;Не перехожу на красный;Не перехожу на красный;Дождусь зеленый;Дождусь зеленый;Дождусь зеленый;Нет;Не перехожу, нажимаю кнопку и дожидаюсь зеленого;Считаю, что пойдет несколько человек;Не чувствую себя безопасно и не перехожу;60 секунд;Не перехожу на красный
4.24.2024 1:43:13;Никогда;Не перехожу на красный;Не перехожу на красный;Дождусь зеленый;Дождусь зеленый;Дождусь зеленый;В любом случае перехожу только на зеленый;Не перехожу, нажимаю кнопку и дожидаюсь зеленого;Считаю, что пойдет несколько человек;Не чувствую себя безопасно и не перехожу;Столько, сколько требуется для безопасности;Не перехожу на красный
4.24.2024 1:44:10;Никогда;Не перехожу на красный;Не перехожу на красный;Перейду, если еще долго ждать зеленый;Дождусь зеленый;Дождусь зеленый;Нет;Не перехожу, нажимаю кнопку и дожидаюсь зеленого;Считаю, что пойдет несколько человек;чувствую себя безопасно;40 секунд;Думаю, что не буду
4.24.2024 7:18:22;Никогда;Не перехожу на красный;Не перехожу на красный;Дождусь зеленый;Дождусь зеленый;Дождусь зеленый;В любом случае перехожу только на зеленый;Не перехожу, нажимаю кнопку и дожидаюсь зеленого;Считаю, что многие пойдут;Не чувствую себя безопасно и не перехожу;Столько, сколько требуется для безопасности;Не перехожу на красный
4.24.2024 11:44:55;Никогда;Не перехожу на красный;Не перехожу на красный;Перейду, если еще долго ждать зеленый;Дождусь зеленый;Дождусь зеленый;Нет;Не перехожу, нажимаю кнопку и дожидаюсь зеленого;Считаю, что многие пойдут;Не чувствую себя безопасно и не перехожу;Столько, сколько требуется для безопасности;Не перехожу на красный
4.24.2024 12:50:37;Никогда;Не перехожу на красный;Не перехожу на красный;Перейду, если еще долго ждать зеленый;Дождусь зеленый;Дождусь зеленый;В любом случае перехожу только на зеленый;Не перехожу, нажимаю кнопку и дожидаюсь зеленого;Считаю, что многие пойдут;Не чувствую себя безопасно и не перехожу;40 секунд;Не перехожу на красный
4.25.2024 14:10:09;Несколько раз в месяц;Красный свет горит слишком долго;Перехожу на красный, даже если другие не перебегают;Перейду, если еще долго ждать зеленый;Дождусь зеленый;Дождусь зеленый;Нет;Не перехожу, нажимаю кнопку и дожидаюсь зеленого;Считаю, что многие пойдут;Не чувствую себя безопасно, но перехожу так как тороплюсь или по другим причинам;30 секунд;Думаю, что не буду
4.25.2024 17:37:55;Несколько раз в год;Тороплюсь на подъезжающий общественный транспорт;Да, перехожу вместе с ними;Перейду, если еще долго ждать зеленый;Дождусь зеленый;Дождусь зеленый;В любом случае перехожу только на зеленый;Не перехожу, нажимаю кнопку и дожидаюсь зеленого;Считаю, что пойдет несколько человек;Не чувствую себя безопасно, но перехожу так как тороплюсь или по другим причинам;60 секунд;Думаю, что не буду
4.25.2024 18:24:16;Несколько раз в год;Нет ни одной машины;Не перехожу на красный;Перейду, если еще долго ждать зеленый;Дождусь зеленый;Дождусь зеленый;Нет;Не перехожу, нажимаю кнопку и дожидаюсь зеленого;Считаю, что пойдет несколько человек;чувствую себя безопасно;60 секунд;Думаю, что не буду
4.25.2024 22:05:10;Никогда;Не перехожу на красный;Не перехожу на красный;Перейду, если еще долго ждать зеленый;Дождусь зеленый;Дождусь зеленый;В любом случае перехожу только на зеленый;Не перехожу, нажимаю кнопку и дожидаюсь зеленого;Считаю, что многие пойдут;Не чувствую себя безопасно и не перехожу;Столько, сколько требуется для безопасности;Думаю, что не буду
4.30.2024 5:49:35;Несколько раз в год;Тороплюсь на работу/по делам;Не перехожу на красный;Перейду, если еще долго ждать зеленый;Дождусь зеленый;Дождусь зеленый;В любом случае перехожу только на зеленый;Не перехожу, нажимаю кнопку и дожидаюсь зеленого;Считаю, что пойдет несколько человек;Не чувствую себя безопасно, но перехожу так как тороплюсь или по другим причинам;40 секунд;Думаю, что продолжу переходить на красный при необходимости
4.30.2024 13:03:46;Никогда;Не перехожу на красный;Не перехожу на красный;Дождусь зеленый;Перейду, если еще долго ждать зеленый;Дождусь зеленый;Нет;Не перехожу, нажимаю кнопку и дожидаюсь зеленого;Считаю, что многие пойдут;Не чувствую себя безопасно и не перехожу;60 секунд;Думаю, что не буду
4.30.2024 15:54:51;Никогда;Не перехожу на красный;Не перехожу на красный;Дождусь зеленый;Дождусь зеленый;Дождусь зеленый;В любом случае перехожу только на зеленый;Не перехожу, нажимаю кнопку и дожидаюсь зеленого;Считаю, что многие пойдут;Не чувствую себя безопасно и не перехожу;60 секунд;Не перехожу на красный
5.1.2024 8:35:39;Несколько раз в год;Тороплюсь на подъезжающий общественный транспорт;Не перехожу на красный;Перейду, если еще долго ждать зеленый;Перейду, если еще долго ждать зеленый;Дождусь зеленый;Нет;Не перехожу, нажимаю кнопку и дожидаюсь зеленого;Считаю, что многие пойдут;чувствую себя безопасно;40 секунд;Думаю, что не буду
5.1.2024 9:14:53;Несколько раз в месяц;Тороплюсь на работу/по делам;Да, перехожу вместе с ними;Перейду, если еще долго ждать зеленый;Перейду, если еще долго ждать зеленый;Перейду, если еще долго ждать зеленый;Нет;Не перехожу, нажимаю кнопку и дожидаюсь зеленого;Считаю, что пойдет несколько человек;Не чувствую себя безопасно, но перехожу так как тороплюсь или по другим причинам;20 секунд;Думаю, что не буду
5.1.2024 18:36:50;Никогда;Не перехожу на красный;Не перехожу на красный;Дождусь зеленый;Дождусь зеленый;Дождусь зеленый;В любом случае перехожу только на зеленый;Не перехожу, нажимаю кнопку и дожидаюсь зеленого;Считаю, что пойдет несколько человек;Не чувствую себя безопасно и не перехожу;50 секунд;Не перехожу на красный
5.1.2024 19:23:05;Несколько раз в год;Красный свет горит слишком долго;Не перехожу на красный;Дождусь зеленый;Дождусь зеленый;Дождусь зеленый;Нет;Не перехожу, нажимаю кнопку и дожидаюсь зеленого;Считаю, что многие пойдут;Не чувствую себя безопасно и не перехожу;50 секунд;Думаю, что не буду
5.2.2024 17:24:25;Никогда;Не перехожу на красный;Не перехожу на красный;Дождусь зеленый;Дождусь зеленый;Дождусь зеленый;В любом случае перехожу только на зеленый;Не перехожу, нажимаю кнопку и дожидаюсь зеленого;Считаю, что пойдет несколько человек;Не чувствую себя безопасно и не перехожу;Столько, сколько требуется для безопасности;Не перехожу на красный
5.2.2024 17:30:15;Несколько раз в год;при условии, что улица узкая и на ней совсем нет машин;Не перехожу на красный;Перейду, если еще долго ждать зеленый;Дождусь зеленый;Дождусь зеленый;Нет;Не перехожу, нажимаю кнопку и дожидаюсь зеленого;Считаю, что пойдет несколько человек;Не чувствую себя безопасно, но перехожу так как тороплюсь или по другим причинам;40 секунд;Думаю, что не буду
5.2.2024 17:52:20;Несколько раз в год;Тороплюсь на подъезжающий общественный транспорт;Не перехожу на красный;Дождусь зеленый;Дождусь зеленый;Дождусь зеленый;В любом случае перехожу только на зеленый;Не перехожу, нажимаю кнопку и дожидаюсь зеленого;Считаю, что пойдет несколько человек;Не чувствую себя безопасно и не перехожу;Столько, сколько требуется для безопасности;Не перехожу на красный
5.2.2024 18:10:27;Несколько раз в год;Красный свет горит слишком долго;Не перехожу на красный;Перейду вне зависимости сколько осталось ждать зеленый;Дождусь зеленый;Дождусь зеленый;Нет;Не перехожу, нажимаю кнопку и дожидаюсь зеленого;Считаю, что многие пойдут;Не чувствую себя безопасно и не перехожу;Столько, сколько требуется для безопасности;Не перехожу на красный
5.2.2024 18:10:37;Каждый день;Переход 2 метра, а светофор 90 сек;Перехожу на красный, даже если другие не перебегают;Перейду, если еще долго ждать зеленый;Перейду, если еще долго ждать зеленый;Дождусь зеленый;Нет;Не перехожу, нажимаю кнопку и дожидаюсь зеленого;Считаю, что многие пойдут;чувствую себя безопасно;30 секунд;Думаю, что продолжу переходить на красный при необходимости
5.2.2024 18:15:36;Никогда;Не перехожу на красный;Не перехожу на красный;Дождусь зеленый;Дождусь зеленый;Дождусь зеленый;В любом случае перехожу только на зеленый;Не перехожу, нажимаю кнопку и дожидаюсь зеленого;Считаю, что пойдет несколько человек;Не чувствую себя безопасно и не перехожу;Столько, сколько требуется для безопасности;Не перехожу на красный
5.2.2024 18:29:44;Никогда;Не перехожу на красный;Не перехожу на красный;Дождусь зеленый;Дождусь зеленый;Дождусь зеленый;В любом случае перехожу только на зеленый;Не перехожу, нажимаю кнопку и дожидаюсь зеленого;Считаю, что многие пойдут;Не чувствую себя безопасно и не перехожу;30 секунд;Не перехожу на красный
5.2.2024 18:35:57;Никогда;Не перехожу на красный;Не перехожу на красный;Перейду, если еще долго ждать зеленый;Дождусь зеленый;Дождусь зеленый;В любом случае перехожу только на зеленый;Не перехожу, нажимаю кнопку и дожидаюсь зеленого;Считаю, что многие пойдут;Не чувствую себя безопасно и не перехожу;Столько, сколько требуется для безопасности;Не перехожу на красный
5.2.2024 18:49:01;Несколько раз в месяц;Тороплюсь на подъезжающий общественный транспорт;Да, перехожу вместе с ними;Дождусь зеленый;Дождусь зеленый;Дождусь зеленый;Нет;Не перехожу, нажимаю кнопку и дожидаюсь зеленого;Считаю, что многие пойдут;Не чувствую себя безопасно, но перехожу так как тороплюсь или по другим причинам;20 секунд;Думаю, что не буду
5.2.2024 18:49:23;Никогда;Не перехожу на красный;Не перехожу на красный;Перейду, если еще долго ждать зеленый;Перейду, если еще долго ждать зеленый;Дождусь зеленый;В любом случае перехожу только на зеленый;Не перехожу, нажимаю кнопку и дожидаюсь зеленого;Считаю, что пойдет несколько человек;Не чувствую себя безопасно и не перехожу;40 секунд;Не перехожу на красный
5.2.2024 19:06:47;Несколько раз в год;Нет приближающего транспорта;Да, перехожу вместе с ними;Перейду, если еще долго ждать зеленый;Дождусь зеленый;Дождусь зеленый;Нет;Не перехожу, нажимаю кнопку и дожидаюсь зеленого;Считаю, что многие пойдут;Не чувствую себя безопасно и не перехожу;40 секунд;Думаю, что не буду
5.2.2024 19:07:20;Никогда;Не перехожу на красный;Не перехожу на красный;Дождусь зеленый;Дождусь зеленый;Дождусь зеленый;В любом случае перехожу только на зеленый;Не перехожу, нажимаю кнопку и дожидаюсь зеленого;Считаю, что пойдет несколько человек;Не чувствую себя безопасно и не перехожу;Столько, сколько требуется для безопасности;Не перехожу на красный
5.2.2024 19:11:43;Несколько раз в месяц;Красный свет горит слишком долго;Перехожу на красный, даже если другие не перебегают;Перейду, если еще долго ждать зеленый;Перейду, если еще долго ждать зеленый;Дождусь зеленый;Нет;Не перехожу, нажимаю кнопку и дожидаюсь зеленого;Считаю, что пойдет несколько человек;чувствую себя безопасно;30 секунд;Думаю, что не буду
5.2.2024 19:24:40;Несколько раз в год;Тороплюсь на работу/по делам;Не перехожу на красный;Дождусь зеленый;Дождусь зеленый;Дождусь зеленый;В любом случае перехожу только на зеленый;Не перехожу, нажимаю кнопку и дожидаюсь зеленого;Считаю, что пойдет несколько человек;Не чувствую себя безопасно и не перехожу;30 секунд;Думаю, что продолжу переходить на красный при необходимости
5.2.2024 19:29:26;Несколько раз в месяц;Тороплюсь на работу/по делам;Не перехожу на красный;Перейду, если еще долго ждать зеленый;Дождусь зеленый;Дождусь зеленый;Нет;Не перехожу, нажимаю кнопку и дожидаюсь зеленого;Считаю, что многие пойдут;чувствую себя безопасно;20 секунд;Думаю, что не буду
5.2.2024 19:50:57;Никогда;Не перехожу на красный;Не перехожу на красный;Дождусь зеленый;Дождусь зеленый;Дождусь зеленый;В любом случае перехожу только на зеленый;Не перехожу, нажимаю кнопку и дожидаюсь зеленого;Считаю, что пойдет несколько человек;Не чувствую себя безопасно и не перехожу;40 секунд;Не перехожу на красный
5.2.2024 20:08:01;Никогда;Не перехожу на красный;Не перехожу на красный;Дождусь зеленый;Дождусь зеленый;Дождусь зеленый;В любом случае перехожу только на зеленый;Не перехожу, нажимаю кнопку и дожидаюсь зеленого;Считаю, что пойдет несколько человек;Не чувствую себя безопасно и не перехожу;40 секунд;Не перехожу на красный
5.2.2024 20:12:26;Никогда;Не перехожу на красный;Не перехожу на красный;Дождусь зеленый;Дождусь зеленый;Дождусь зеленый;В любом случае перехожу только на зеленый;Не перехожу, нажимаю кнопку и дожидаюсь зеленого;Считаю, что никто не пойдет;Не чувствую себя безопасно и не перехожу;Столько, сколько требуется для безопасности;Не перехожу на красный
5.2.2024 20:15:08;Несколько раз в год;Красный горит , но нет машин;Не перехожу на красный;Перейду вне зависимости сколько осталось ждать зеленый;Дождусь зеленый;Дождусь зеленый;Нет;Не перехожу, нажимаю кнопку и дожидаюсь зеленого;Считаю, что пойдет несколько человек;Не чувствую себя безопасно, но перехожу так как тороплюсь или по другим причинам;40 секунд;Думаю, что не буду
5.2.2024 21:00:16;Никогда;Не перехожу на красный;Не перехожу на красный;Дождусь зеленый;Дождусь зеленый;Дождусь зеленый;В любом случае перехожу только на зеленый;Не перехожу, нажимаю кнопку и дожидаюсь зеленого;Считаю, что пойдет несколько человек;Не чувствую себя безопасно и не перехожу;Столько, сколько требуется для безопасности;Не перехожу на красный
5.2.2024 21:28:07;Несколько раз в неделю;Тороплюсь на работу/по делам;Да, перехожу вместе с ними;Перейду, если еще долго ждать зеленый;Перейду, если еще долго ждать зеленый;Дождусь зеленый;Нет;Не перехожу, нажимаю кнопку и дожидаюсь зеленого;Считаю, что многие пойдут;чувствую себя безопасно;40 секунд;Думаю, что не буду
5.2.2024 21:43:50;Несколько раз в год;Красный свет горит слишком долго;Не перехожу на красный;Перейду, если еще долго ждать зеленый;Дождусь зеленый;Дождусь зеленый;Да;Не перехожу, нажимаю кнопку и дожидаюсь зеленого;Считаю, что пойдет несколько человек;Не чувствую себя безопасно, но перехожу так как тороплюсь или по другим причинам;60 секунд;Думаю, что продолжу переходить на красный при необходимости
5.2.2024 22:03:00;Никогда;Не перехожу на красный;Не перехожу на красный;Перейду, если еще долго ждать зеленый;Перейду, если еще долго ждать зеленый;Дождусь зеленый;Нет;Не перехожу, нажимаю кнопку и дожидаюсь зеленого;Считаю, что пойдет несколько человек;Не чувствую себя безопасно и не перехожу;30 секунд;Думаю, что продолжу переходить на красный при необходимости
5.2.2024 22:03:29;Несколько раз в год;Красный свет горит слишком долго;Не перехожу на красный;Дождусь зеленый;Дождусь зеленый;Дождусь зеленый;Нет;Не перехожу, нажимаю кнопку и дожидаюсь зеленого;Считаю, что пойдет несколько человек;Не чувствую себя безопасно, но перехожу так как тороплюсь или по другим причинам;30 секунд;Думаю, что не буду
5.2.2024 22:12:37;Несколько раз в год;Тороплюсь на подъезжающий общественный транспорт;Не перехожу на красный;Перейду, если еще долго ждать зеленый;Перейду, если еще долго ждать зеленый;Дождусь зеленый;Нет;Перехожу;Считаю, что многие пойдут;Не чувствую себя безопасно, но перехожу так как тороплюсь или по другим причинам;30 секунд;Думаю, что продолжу переходить на красный при необходимости
5.2.2024 22:15:37;Никогда;Не перехожу на красный;Не перехожу на красный;Перейду, если еще долго ждать зеленый;Перейду, если еще долго ждать зеленый;Дождусь зеленый;В любом случае перехожу только на зеленый;Не перехожу, нажимаю кнопку и дожидаюсь зеленого;Считаю, что пойдет несколько человек;Не чувствую себя безопасно и не перехожу;Столько, сколько требуется для безопасности;Не перехожу на красный
5.2.2024 22:21:57;Никогда;Не перехожу на красный;Не перехожу на красный;Дождусь зеленый;Дождусь зеленый;Дождусь зеленый;В любом случае перехожу только на зеленый;Не перехожу, нажимаю кнопку и дожидаюсь зеленого;Считаю, что многие пойдут;Не чувствую себя безопасно и не перехожу;Столько, сколько требуется для безопасности;Не перехожу на красный
5.2.2024 22:22:34;Несколько раз в неделю;Красный свет горит слишком долго;Перехожу на красный, даже если другие не перебегают;Перейду, если еще долго ждать зеленый;Перейду, если еще долго ждать зеленый;Дождусь зеленый;Нет;Не перехожу, нажимаю кнопку и дожидаюсь зеленого;Считаю, что многие пойдут;чувствую себя безопасно;20 секунд;Думаю, что не буду
5.2.2024 22:24:33;Несколько раз в год;Красный свет горит слишком долго;Не перехожу на красный;Перейду, если еще долго ждать зеленый;Перейду, если еще долго ждать зеленый;Дождусь зеленый;Нет;Не перехожу, нажимаю кнопку и дожидаюсь зеленого;Считаю, что пойдет несколько человек;Не чувствую себя безопасно, но перехожу так как тороплюсь или по другим причинам;60 секунд;Думаю, что не буду
5.2.2024 22:29:17;Никогда;Не перехожу на красный;Не перехожу на красный;Перейду вне зависимости сколько осталось ждать зеленый;Перейду вне зависимости сколько осталось ждать зеленый;Дождусь зеленый;В любом случае перехожу только на зеленый;Не перехожу, нажимаю кнопку и дожидаюсь зеленого;Считаю, что многие пойдут;Не чувствую себя безопасно и не перехожу;Столько, сколько требуется для безопасности;Не перехожу на красный
5.2.2024 22:50:33;Никогда;Не перехожу на красный;Не перехожу на красный;Перейду, если еще долго ждать зеленый;Дождусь зеленый;Дождусь зеленый;Нет;Перехожу;Считаю, что многие пойдут;Не чувствую себя безопасно и не перехожу;60 секунд;Думаю, что не буду
5.2.2024 23:04:00;Несколько раз в год;Тороплюсь на работу/по делам;Перехожу на красный, даже если другие не перебегают;Перейду, если еще долго ждать зеленый;Дождусь зеленый;Дождусь зеленый;Нет;Перехожу;Считаю, что многие пойдут;Не чувствую себя безопасно, но перехожу так как тороплюсь или по другим причинам;Столько, сколько требуется для безопасности;Думаю, что продолжу переходить на красный при необходимости
5.2.2024 23:14:14;Несколько раз в год;Не перехожу на красный;Не перехожу на красный;Дождусь зеленый;Дождусь зеленый;Дождусь зеленый;В любом случае перехожу только на зеленый;Не перехожу, нажимаю кнопку и дожидаюсь зеленого;Считаю, что никто не пойдет;Не чувствую себя безопасно и не перехожу;Столько, сколько требуется для безопасности;Не перехожу на красный
5.2.2024 23:34:22;Несколько раз в месяц;Тороплюсь на работу/по делам;Не перехожу на красный;Перейду, если еще долго ждать зеленый;Дождусь зеленый;Дождусь зеленый;В любом случае перехожу только на зеленый;Не перехожу, нажимаю кнопку и дожидаюсь зеленого;Считаю, что пойдет несколько человек;Не чувствую себя безопасно, но перехожу так как тороплюсь или по другим причинам;40 секунд;Думаю, что не буду
5.3.2024 0:27:47;Никогда;Не перехожу на красный;Не перехожу на красный;Дождусь зеленый;Дождусь зеленый;Дождусь зеленый;В любом случае перехожу только на зеленый;Не перехожу, нажимаю кнопку и дожидаюсь зеленого;Считаю, что пойдет несколько человек;Не чувствую себя безопасно и не перехожу;Столько, сколько требуется для безопасности;Не перехожу на красный
5.3.2024 0:27:52;Каждый день;Один единственный светофор перехожу на красный. Он установлен на узкой однополосной дороге, где машины практически не ездят. Просто чувствую себя дурой на этой тропе, когда стою и жду зелёный. На всех других светофорах всегда жду зелёный.;Не перехожу на красный;Дождусь зеленый;Дождусь зеленый;Дождусь зеленый;В любом случае перехожу только на зеленый;Не перехожу, нажимаю кнопку и дожидаюсь зеленого;Считаю, что многие пойдут;Не чувствую себя безопасно и не перехожу;Столько, сколько требуется для безопасности;Не перехожу на красный
5.3.2024 6:11:23;Несколько раз в месяц;В зоне видимости нет машин ;Перехожу на красный, даже если другие не перебегают;Перейду вне зависимости сколько осталось ждать зеленый;Дождусь зеленый;Дождусь зеленый;Нет;Не перехожу, нажимаю кнопку и дожидаюсь зеленого;Считаю, что многие пойдут;чувствую себя безопасно;30 секунд;Думаю, что продолжу переходить на красный при необходимости
5.3.2024 8:23:03;Несколько раз в год;Тороплюсь на подъезжающий общественный транспорт;Не перехожу на красный;Дождусь зеленый;Перейду, если еще долго ждать зеленый;Дождусь зеленый;Нет;Не перехожу, нажимаю кнопку и дожидаюсь зеленого;Считаю, что многие пойдут;Не чувствую себя безопасно, но перехожу так как тороплюсь или по другим причинам;30 секунд;Думаю, что продолжу переходить на красный при необходимости
5.3.2024 8:57:00;Несколько раз в год;Абсолютно пустая дорогая НЕ в часы пик;Не перехожу на красный;Перейду, если еще долго ждать зеленый;Дождусь зеленый;Дождусь зеленый;Да;Не перехожу, нажимаю кнопку и дожидаюсь зеленого;Считаю, что многие пойдут;чувствую себя безопасно;60 секунд;Думаю, что не буду
5.3.2024 8:57:04;Несколько раз в неделю;Отсутствие потока машин;Перехожу на красный, даже если другие не перебегают;Перейду вне зависимости сколько осталось ждать зеленый;Дождусь зеленый;Дождусь зеленый;Да;Перехожу;Считаю, что многие пойдут;чувствую себя безопасно;Столько, сколько требуется для безопасности;Думаю, что продолжу переходить на красный при необходимости
5.3.2024 9:24:00;Несколько раз в год;Красный свет горит слишком долго;Не перехожу на красный;Перейду, если еще долго ждать зеленый;Перейду, если еще долго ждать зеленый;Дождусь зеленый;Нет;Не перехожу, нажимаю кнопку и дожидаюсь зеленого;Считаю, что многие пойдут;Не чувствую себя безопасно, но перехожу так как тороплюсь или по другим причинам;Менее 20 секунд;Думаю, что продолжу переходить на красный при необходимости
5.3.2024 9:27:28;Несколько раз в год;Рано утром, когда нет никакого транспорта;Не перехожу на красный;Дождусь зеленый;Дождусь зеленый;Дождусь зеленый;В любом случае перехожу только на зеленый;Не перехожу, нажимаю кнопку и дожидаюсь зеленого;Считаю, что пойдет несколько человек;Не чувствую себя безопасно и не перехожу;Столько, сколько требуется для безопасности;Думаю, что не буду
5.3.2024 10:20:41;Несколько раз в год;Крайне редко перехожу так, обычно во время ночных прогулок по городу. Когда нет транспорта.;Не перехожу на красный;Перейду, если еще долго ждать зеленый;Дождусь зеленый;Дождусь зеленый;В любом случае перехожу только на зеленый;Не перехожу, нажимаю кнопку и дожидаюсь зеленого;Считаю, что пойдет несколько человек;чувствую себя безопасно;Столько, сколько требуется для безопасности;Думаю, что продолжу переходить на красный при необходимости
5.3.2024 10:37:11;Несколько раз в год;Автомобили очень далеко.;Не перехожу на красный;Перейду вне зависимости сколько осталось ждать зеленый;Дождусь зеленый;Дождусь зеленый;В любом случае перехожу только на зеленый;Перехожу;Считаю, что пойдет несколько человек;Не чувствую себя безопасно, но перехожу так как тороплюсь или по другим причинам;60 секунд;Думаю, что не буду
5.3.2024 10:57:16;Несколько раз в неделю;Нет транспорта, переход небольшой и можно быстро пройти;Перехожу на красный, даже если другие не перебегают;Перейду, если еще долго ждать зеленый;Дождусь зеленый;Дождусь зеленый;Нет;Не перехожу, нажимаю кнопку и дожидаюсь зеленого;Считаю, что пойдет несколько человек;Не чувствую себя безопасно, но перехожу так как тороплюсь или по другим причинам;Столько, сколько требуется для безопасности;Думаю, что продолжу переходить на красный при необходимости
5.3.2024 11:55:36;Несколько раз в год;Тороплюсь на подъезжающий общественный транспорт;Не перехожу на красный;Перейду, если еще долго ждать зеленый;Дождусь зеленый;Дождусь зеленый;Нет;Не перехожу, нажимаю кнопку и дожидаюсь зеленого;Считаю, что пойдет несколько человек;Не чувствую себя безопасно, но перехожу так как тороплюсь или по другим причинам;Столько, сколько требуется для безопасности;Не перехожу на красный
5.3.2024 12:04:08;Никогда;Не перехожу на красный;Не перехожу на красный;Дождусь зеленый;Дождусь зеленый;Дождусь зеленый;В любом случае перехожу только на зеленый;Не перехожу, нажимаю кнопку и дожидаюсь зеленого;Считаю, что многие пойдут;Не чувствую себя безопасно и не перехожу;40 секунд;Не перехожу на красный
5.3.2024 14:31:06;Никогда;Не перехожу на красный;Не перехожу на красный;Дождусь зеленый;Дождусь зеленый;Дождусь зеленый;В любом случае перехожу только на зеленый;Не перехожу, нажимаю кнопку и дожидаюсь зеленого;Считаю, что никто не пойдет;Не чувствую себя безопасно и не перехожу;Столько, сколько требуется для безопасности;Не перехожу на красный
5.3.2024 14:47:44;Несколько раз в год;Транспортных средств на дороге нет и не предвидится;Не перехожу на красный;Перейду, если еще долго ждать зеленый;Перейду, если еще долго ждать зеленый;Дождусь зеленый;Нет;Не перехожу, нажимаю кнопку и дожидаюсь зеленого;Считаю, что пойдет несколько человек;чувствую себя безопасно;60 секунд;Думаю, что не буду
5.3.2024 15:21:44;Никогда;Не перехожу на красный;Не перехожу на красный;Перейду, если еще долго ждать зеленый;Дождусь зеленый;Дождусь зеленый;В любом случае перехожу только на зеленый;Не перехожу, нажимаю кнопку и дожидаюсь зеленого;Считаю, что пойдет несколько человек;Не чувствую себя безопасно и не перехожу;40 секунд;Не перехожу на красный
5.3.2024 15:29:29;Несколько раз в месяц;Тороплюсь на работу/по делам;Не перехожу на красный;Перейду, если еще долго ждать зеленый;Перейду, если еще долго ждать зеленый;Дождусь зеленый;Нет;Не перехожу, нажимаю кнопку и дожидаюсь зеленого;Считаю, что многие пойдут;Не чувствую себя безопасно, но перехожу так как тороплюсь или по другим причинам;40 секунд;Думаю, что не буду
5.3.2024 16:10:54;Никогда;Не перехожу на красный;Не перехожу на красный;Дождусь зеленый;Дождусь зеленый;Дождусь зеленый;В любом случае перехожу только на зеленый;Не перехожу, нажимаю кнопку и дожидаюсь зеленого;Считаю, что пойдет несколько человек;Не чувствую себя безопасно и не перехожу;Столько, сколько требуется для безопасности;Не перехожу на красный
5.3.2024 17:24:18;Несколько раз в год;Тороплюсь на работу/по делам;Да, перехожу вместе с ними;Перейду, если еще долго ждать зеленый;Перейду, если еще долго ждать зеленый;Дождусь зеленый;Нет;Не перехожу, нажимаю кнопку и дожидаюсь зеленого;Считаю, что пойдет несколько человек;Не чувствую себя безопасно, но перехожу так как тороплюсь или по другим причинам;40 секунд;Думаю, что продолжу переходить на красный при необходимости
5.3.2024 17:42:47;Несколько раз в месяц;Тороплюсь на работу/по делам;Перехожу на красный, даже если другие не перебегают;Дождусь зеленый;Перейду, если еще долго ждать зеленый;Дождусь зеленый;Нет;Не перехожу, нажимаю кнопку и дожидаюсь зеленого;Считаю, что пойдет несколько человек;Не чувствую себя безопасно, но перехожу так как тороплюсь или по другим причинам;40 секунд;Думаю, что не буду
5.3.2024 17:55:56;Несколько раз в месяц;Тороплюсь на подъезжающий общественный транспорт;Не перехожу на красный;Перейду, если еще долго ждать зеленый;Перейду, если еще долго ждать зеленый;Дождусь зеленый;Нет;Не перехожу, нажимаю кнопку и дожидаюсь зеленого;Считаю, что многие пойдут;Не чувствую себя безопасно, но перехожу так как тороплюсь или по другим причинам;20 секунд;Думаю, что продолжу переходить на красный при необходимости
5.3.2024 18:59:46;Несколько раз в год;Красный свет горит слишком долго;Не перехожу на красный;Перейду, если еще долго ждать зеленый;Перейду, если еще долго ждать зеленый;Дождусь зеленый;Нет;Не перехожу, нажимаю кнопку и дожидаюсь зеленого;Считаю, что пойдет несколько человек;Не чувствую себя безопасно и не перехожу;30 секунд;Думаю, что продолжу переходить на красный при необходимости
5.3.2024 20:05:57;Никогда;Светофор явно сломан, жду несколько минут и иду ;Не перехожу на красный;Дождусь зеленый;Дождусь зеленый;Дождусь зеленый;В любом случае перехожу только на зеленый;Не перехожу, нажимаю кнопку и дожидаюсь зеленого;Считаю, что многие пойдут;Не чувствую себя безопасно и не перехожу;30 секунд;Не перехожу на красный
5.3.2024 20:55:59;Несколько раз в год;Не перехожу на красный;Не перехожу на красный;Дождусь зеленый;Дождусь зеленый;Дождусь зеленый;В любом случае перехожу только на зеленый;Не перехожу, нажимаю кнопку и дожидаюсь зеленого;Считаю, что многие пойдут;Не чувствую себя безопасно и не перехожу;Столько, сколько требуется для безопасности;Не перехожу на красный
5.3.2024 21:26:04;Никогда;Не перехожу на красный;Не перехожу на красный;Дождусь зеленый;Дождусь зеленый;Дождусь зеленый;Нет;Не перехожу, нажимаю кнопку и дожидаюсь зеленого;Считаю, что пойдет несколько человек;Не чувствую себя безопасно и не перехожу;60 секунд;Не перехожу на красный
5.3.2024 22:10:34;Несколько раз в год;Красный свет горит слишком долго;Перехожу на красный, даже если другие не перебегают;Перейду, если еще долго ждать зеленый;Дождусь зеленый;Дождусь зеленый;Нет;Не перехожу, нажимаю кнопку и дожидаюсь зеленого;Считаю, что пойдет несколько человек;Не чувствую себя безопасно, но перехожу так как тороплюсь или по другим причинам;60 секунд;Думаю, что не буду
5.3.2024 22:23:22;Несколько раз в месяц;Точно нет ни одной машины рядом в пределах десятков метров, ночь, никому плохого примера не подам (или ну очень сильно тороплюсь, а вокруг всё равно нет машин, и дорога не скользкая). );Да, перехожу вместе с ними;Перейду, если еще долго ждать зеленый;Дождусь зеленый;Дождусь зеленый;Нет;Не перехожу, нажимаю кнопку и дожидаюсь зеленого;Считаю, что многие пойдут;Не чувствую себя безопасно, но перехожу так как тороплюсь или по другим причинам;50 секунд;Думаю, что не буду
5.3.2024 22:26:38;Несколько раз в неделю;Красный свет горит слишком долго;Не перехожу на красный;Перейду, если еще долго ждать зеленый;Перейду вне зависимости сколько осталось ждать зеленый;Дождусь зеленый;Нет;Перехожу;Считаю, что пойдет несколько человек;Не чувствую себя безопасно, но перехожу так как тороплюсь или по другим причинам;Менее 20 секунд;Думаю, что продолжу переходить на красный при необходимости
5.3.2024 22:54:18;Никогда;Не перехожу на красный;Не перехожу на красный;Дождусь зеленый;Дождусь зеленый;Дождусь зеленый;В любом случае перехожу только на зеленый;Не перехожу, нажимаю кнопку и дожидаюсь зеленого;Считаю, что пойдет несколько человек;Не чувствую себя безопасно и не перехожу;50 секунд;Не перехожу на красный
5.4.2024 5:38:02;Несколько раз в неделю;Тороплюсь на работу/по делам;Перехожу на красный, даже если другие не перебегают;Перейду вне зависимости сколько осталось ждать зеленый;Перейду вне зависимости сколько осталось ждать зеленый;Дождусь зеленый;Да;Не перехожу, нажимаю кнопку и дожидаюсь зеленого;Считаю, что многие пойдут;чувствую себя безопасно;60 секунд;Думаю, что продолжу переходить на красный при необходимости
5.4.2024 9:11:08;Никогда;Не перехожу на красный;Не перехожу на красный;Дождусь зеленый;Дождусь зеленый;Дождусь зеленый;В любом случае перехожу только на зеленый;Не перехожу, нажимаю кнопку и дожидаюсь зеленого;Считаю, что пойдет несколько человек;Не чувствую себя безопасно и не перехожу;60 секунд;Не перехожу на красный
5.4.2024 9:22:13;Никогда;Не перехожу на красный;Не перехожу на красный;Дождусь зеленый;Дождусь зеленый;Дождусь зеленый;В любом случае перехожу только на зеленый;Не перехожу, нажимаю кнопку и дожидаюсь зеленого;Считаю, что пойдет несколько человек;Не чувствую себя безопасно и не перехожу;Столько, сколько требуется для безопасности;Не перехожу на красный
5.4.2024 10:02:05;Никогда;Не перехожу на красный;Не перехожу на красный;Дождусь зеленый;Дождусь зеленый;Дождусь зеленый;В любом случае перехожу только на зеленый;Не перехожу, нажимаю кнопку и дожидаюсь зеленого;Считаю, что пойдет несколько человек;Не чувствую себя безопасно и не перехожу;60 секунд;Не перехожу на красный
5.4.2024 10:28:22;Никогда;Не перехожу на красный;Не перехожу на красный;Дождусь зеленый;Дождусь зеленый;Дождусь зеленый;В любом случае перехожу только на зеленый;Не перехожу, нажимаю кнопку и дожидаюсь зеленого;Считаю, что пойдет несколько человек;Не чувствую себя безопасно и не перехожу;Столько, сколько требуется для безопасности;Не перехожу на красный
5.4.2024 11:02:39;Несколько раз в месяц;Тороплюсь на работу/по делам;Не перехожу на красный;Перейду, если еще долго ждать зеленый;Дождусь зеленый;Дождусь зеленый;Нет;Не перехожу, нажимаю кнопку и дожидаюсь зеленого;Считаю, что многие пойдут;чувствую себя безопасно;60 секунд;Думаю, что не буду
5.4.2024 11:59:21;Несколько раз в год;Тороплюсь на подъезжающий общественный транспорт;Не перехожу на красный;Дождусь зеленый;Дождусь зеленый;Дождусь зеленый;В любом случае перехожу только на зеленый;Не перехожу, нажимаю кнопку и дожидаюсь зеленого;Считаю, что пойдет несколько человек;Не чувствую себя безопасно и не перехожу;70 секунд;Не перехожу на красный
5.4.2024 13:43:16;Несколько раз в год;Тороплюсь на работу/по делам;Не перехожу на красный;Перейду вне зависимости сколько осталось ждать зеленый;Дождусь зеленый;Дождусь зеленый;В любом случае перехожу только на зеленый;Не перехожу, нажимаю кнопку и дожидаюсь зеленого;Считаю, что пойдет несколько человек;Не чувствую себя безопасно и не перехожу;Столько, сколько требуется для безопасности;Думаю, что не буду
5.4.2024 14:19:09;Никогда;Не перехожу на красный;Не перехожу на красный;Дождусь зеленый;Дождусь зеленый;Дождусь зеленый;Нет;Не перехожу, нажимаю кнопку и дожидаюсь зеленого;Считаю, что многие пойдут;Не чувствую себя безопасно и не перехожу;30 секунд;Думаю, что не буду
5.4.2024 14:53:50;Несколько раз в год;Красный свет горит слишком долго;Не перехожу на красный;Перейду, если еще долго ждать зеленый;Перейду, если еще долго ждать зеленый;Дождусь зеленый;Нет;Не перехожу, нажимаю кнопку и дожидаюсь зеленого;Считаю, что пойдет несколько человек;Не чувствую себя безопасно, но перехожу так как тороплюсь или по другим причинам;40 секунд;Не перехожу на красный
5.4.2024 15:44:04;Несколько раз в год;Не перехожу на красный;Не перехожу на красный;Перейду, если еще долго ждать зеленый;Дождусь зеленый;Дождусь зеленый;Нет;Не перехожу, нажимаю кнопку и дожидаюсь зеленого;Считаю, что многие пойдут;Не чувствую себя безопасно, но перехожу так как тороплюсь или по другим причинам;60 секунд;Думаю, что не буду
5.4.2024 18:15:27;Несколько раз в год;Пустая дорога от ТС;Не перехожу на красный;Перейду, если еще долго ждать зеленый;Дождусь зеленый;Дождусь зеленый;В любом случае перехожу только на зеленый;Не перехожу, нажимаю кнопку и дожидаюсь зеленого;Считаю, что пойдет несколько человек;чувствую себя безопасно;60 секунд;Думаю, что не буду
5.4.2024 19:22:48;Никогда;Не перехожу на красный;Не перехожу на красный;Дождусь зеленый;Дождусь зеленый;Дождусь зеленый;В любом случае перехожу только на зеленый;Не перехожу, нажимаю кнопку и дожидаюсь зеленого;Считаю, что многие пойдут;Не чувствую себя безопасно и не перехожу;Столько, сколько требуется для безопасности;Не перехожу на красный
5.4.2024 19:32:34;Никогда;Не перехожу на красный;Не перехожу на красный;Перейду, если еще долго ждать зеленый;Дождусь зеленый;Дождусь зеленый;В любом случае перехожу только на зеленый;Не перехожу, нажимаю кнопку и дожидаюсь зеленого;Считаю, что многие пойдут;Не чувствую себя безопасно и не перехожу;70 секунд;Думаю, что не буду
5.4.2024 20:48:14;Несколько раз в год;Красный свет горит слишком долго;Не перехожу на красный;Перейду, если еще долго ждать зеленый;Дождусь зеленый;Дождусь зеленый;В любом случае перехожу только на зеленый;Не перехожу, нажимаю кнопку и дожидаюсь зеленого;Считаю, что пойдет несколько человек;Не чувствую себя безопасно и не перехожу;30 секунд;Думаю, что не буду
5.4.2024 21:46:38;Несколько раз в месяц;Тороплюсь на подъезжающий общественный транспорт;Не перехожу на красный;Перейду, если еще долго ждать зеленый;Дождусь зеленый;Дождусь зеленый;Нет;Не перехожу, нажимаю кнопку и дожидаюсь зеленого;Считаю, что многие пойдут;Не чувствую себя безопасно, но перехожу так как тороплюсь или по другим причинам;30 секунд;Думаю, что не буду
5.5.2024 0:53:10;Несколько раз в год;Не перехожу на красный;Не перехожу на красный;Дождусь зеленый;Дождусь зеленый;Дождусь зеленый;В любом случае перехожу только на зеленый;Не перехожу, нажимаю кнопку и дожидаюсь зеленого;Считаю, что многие пойдут;Не чувствую себя безопасно и не перехожу;Столько, сколько требуется для безопасности;Не перехожу на красный
5.5.2024 6:10:33;Никогда;Не перехожу на красный;Не перехожу на красный;Дождусь зеленый;Дождусь зеленый;Дождусь зеленый;В любом случае перехожу только на зеленый;Не перехожу, нажимаю кнопку и дожидаюсь зеленого;Считаю, что пойдет несколько человек;Не чувствую себя безопасно и не перехожу;Столько, сколько требуется для безопасности;Не перехожу на красный
5.5.2024 9:54:11;Несколько раз в неделю;Красный свет горит слишком долго;Перехожу на красный, даже если другие не перебегают;Перейду, если еще долго ждать зеленый;Дождусь зеленый;Дождусь зеленый;Нет;Не перехожу, нажимаю кнопку и дожидаюсь зеленого;Считаю, что многие пойдут;чувствую себя безопасно;40 секунд;Думаю, что не буду
5.5.2024 9:58:23;Несколько раз в год;Тороплюсь на подъезжающий общественный транспорт;Не перехожу на красный;Перейду вне зависимости сколько осталось ждать зеленый;Дождусь зеленый;Дождусь зеленый;Нет;Не перехожу, нажимаю кнопку и дожидаюсь зеленого;Считаю, что пойдет несколько человек;Не чувствую себя безопасно, но перехожу так как тороплюсь или по другим причинам;30 секунд;Думаю, что не буду
5.5.2024 10:12:50;Никогда;Не перехожу на красный;Не перехожу на красный;Дождусь зеленый;Дождусь зеленый;Дождусь зеленый;В любом случае перехожу только на зеленый;Не перехожу, нажимаю кнопку и дожидаюсь зеленого;Считаю, что пойдет несколько человек;Не чувствую себя безопасно и не перехожу;30 секунд;Не перехожу на красный
